purchase_id,purchase_date,supplier_id,flower_id,quantity_stems,purchase_price_per_stem,total_purchase_amount
1,2023-01-01,3,1,115,128,14720
2,2023-01-01,1,2,46,81,3726
3,2023-01-01,3,3,11,120,1320
4,2023-01-01,1,4,28,55,1540
5,2023-01-01,4,5,4,225,900
6,2023-01-01,2,6,46,65,2990
7,2023-01-01,4,8,14,237,3318
8,2023-01-01,1,9,7,149,1043
9,2023-01-01,1,10,47,42,1974
10,2023-01-01,1,11,44,65,2860
11,2023-01-01,4,12,24,167,4008
12,2023-01-01,1,13,26,84,2184
13,2023-01-01,2,14,46,114,5244
14,2023-01-01,1,15,26,55,1430
15,2023-01-01,1,18,17,76,1292
16,2023-01-01,4,20,8,182,1456
17,2023-01-01,3,23,9,144,1296
18,2023-01-01,4,24,4,107,428
19,2023-01-04,1,1,174,103,17922
20,2023-01-03,1,2,93,81,7533
21,2023-01-04,2,3,47,124,5828
22,2023-01-03,5,4,12,53,636
23,2023-01-04,4,5,3,225,675
24,2023-01-04,2,6,184,65,11960
25,2023-01-04,4,7,17,308,5236
26,2023-01-02,2,8,13,232,3016
27,2023-01-03,1,9,32,149,4768
28,2023-01-04,1,10,195,42,8190
29,2023-01-02,1,11,190,65,12350
30,2023-01-03,4,12,37,167,6179
31,2023-01-02,2,13,54,85,4590
32,2023-01-02,1,14,111,90,9990
33,2023-01-02,2,15,73,58,4234
34,2023-01-02,1,16,16,75,1200
35,2023-01-03,1,18,48,76,3648
36,2023-01-03,4,20,13,182,2366
37,2023-01-04,4,22,9,468,4212
38,2023-01-02,2,23,6,122,732
39,2023-01-04,1,24,1,95,95
40,2023-01-04,1,25,10,107,1070
41,2023-01-11,1,1,112,103,11536
42,2023-01-09,3,2,156,97,15132
43,2023-01-10,4,3,15,124,1860
44,2023-01-09,2,4,11,58,638
45,2023-01-09,4,5,4,225,900
46,2023-01-10,2,6,164,65,10660
47,2023-01-09,2,7,9,260,2340
48,2023-01-11,4,8,9,237,2133
49,2023-01-11,2,9,19,159,3021
50,2023-01-10,3,10,193,47,9071
51,2023-01-09,1,11,228,65,14820
52,2023-01-11,2,12,37,146,5402
53,2023-01-11,2,13,80,85,6800
54,2023-01-09,1,14,40,90,3600
55,2023-01-11,1,15,100,55,5500
56,2023-01-10,1,16,57,75,4275
57,2023-01-10,2,18,198,77,15246
58,2023-01-11,4,20,8,182,1456
59,2023-01-11,1,21,32,85,2720
60,2023-01-10,2,22,6,466,2796
61,2023-01-11,3,23,14,135,1890
62,2023-01-09,5,24,2,91,182
63,2023-01-09,1,25,20,107,2140
64,2023-01-16,2,1,110,108,11880
65,2023-01-16,1,2,108,81,8748
66,2023-01-18,2,3,42,124,5208
67,2023-01-17,1,4,23,55,1265
68,2023-01-18,2,5,1,192,192
69,2023-01-17,1,6,83,65,5395
70,2023-01-16,4,7,27,308,8316
71,2023-01-18,4,8,18,237,4266
72,2023-01-16,2,9,22,159,3498
73,2023-01-18,2,10,122,46,5612
74,2023-01-18,1,11,120,65,7800
75,2023-01-18,2,12,73,146,10658
76,2023-01-18,1,13,50,84,4200
77,2023-01-18,1,14,81,90,7290
78,2023-01-16,1,15,71,55,3905
79,2023-01-16,2,16,12,81,972
80,2023-01-18,1,18,74,76,5624
81,2023-01-18,5,20,14,155,2170
82,2023-01-16,4,22,9,468,4212
83,2023-01-18,2,23,21,122,2562
84,2023-01-16,2,24,3,99,297
85,2023-01-16,1,25,23,107,2461
86,2023-01-23,3,1,207,113,23391
87,2023-01-24,2,2,67,91,6097
88,2023-01-23,2,3,33,124,4092
89,2023-01-24,1,4,18,55,990
90,2023-01-25,4,5,6,225,1350
91,2023-01-23,1,6,123,65,7995
92,2023-01-24,2,7,3,260,780
93,2023-01-24,4,8,17,237,4029
94,2023-01-23,1,9,24,149,3576
95,2023-01-23,2,10,150,46,6900
96,2023-01-23,1,11,93,65,6045
97,2023-01-23,4,12,65,167,10855
98,2023-01-25,1,13,56,84,4704
99,2023-01-25,1,14,98,90,8820
100,2023-01-23,2,15,98,58,5684
101,2023-01-24,2,16,19,81,1539
102,2023-01-23,1,18,56,76,4256
103,2023-01-23,4,20,9,182,1638
104,2023-01-25,1,21,11,85,935
105,2023-01-23,2,22,1,466,466
106,2023-01-24,2,23,81,122,9882
107,2023-01-25,4,24,2,107,214
108,2023-01-24,1,25,57,107,6099
109,2023-02-01,2,1,133,108,14364
110,2023-02-01,1,2,111,81,8991
111,2023-02-01,3,3,64,120,7680
112,2023-01-30,5,4,34,53,1802
113,2023-01-31,4,5,5,225,1125
114,2023-02-01,1,6,208,65,13520
115,2023-01-30,4,7,2,308,616
116,2023-01-31,2,8,6,232,1392
117,2023-02-01,2,9,34,159,5406
118,2023-01-31,3,10,233,47,10951
119,2023-01-31,2,11,179,74,13246
120,2023-01-30,4,12,83,167,13861
121,2023-01-30,2,13,92,85,7820
122,2023-01-31,1,14,99,90,8910
123,2023-01-31,2,15,163,58,9454
124,2023-01-31,1,16,15,75,1125
125,2023-01-31,1,18,118,76,8968
126,2023-02-01,5,19,44,73,3212
127,2023-01-30,4,20,8,182,1456
128,2023-01-31,2,22,3,466,1398
129,2023-01-31,2,23,85,122,10370
130,2023-02-01,1,25,54,107,5778
131,2023-02-07,2,1,753,132,99396
132,2023-02-08,3,2,388,106,41128
133,2023-02-07,3,3,354,147,52038
134,2023-02-08,2,4,55,72,3960
135,2023-02-08,1,6,79,65,5135
136,2023-02-07,4,7,18,308,5544
137,2023-02-07,4,8,6,237,1422
138,2023-02-07,2,9,19,159,3021
139,2023-02-06,3,10,121,47,5687
140,2023-02-08,2,11,96,74,7104
141,2023-02-08,4,12,74,200,14800
142,2023-02-08,2,13,189,85,16065
143,2023-02-08,2,14,206,104,21424
144,2023-02-08,1,15,73,55,4015
145,2023-02-07,2,16,31,81,2511
146,2023-02-07,1,18,166,76,12616
147,2023-02-07,5,19,11,73,803
148,2023-02-08,4,20,6,219,1314
149,2023-02-08,4,22,6,468,2808
150,2023-02-07,2,23,61,122,7442
151,2023-02-08,5,24,14,91,1274
152,2023-02-07,1,25,16,107,1712
153,2023-02-15,3,1,1267,130,164710
154,2023-02-15,3,2,486,113,54918
155,2023-02-14,3,3,252,144,36288
156,2023-02-13,5,4,193,58,11194
157,2023-02-15,2,5,15,221,3315
158,2023-02-15,2,6,39,65,2535
159,2023-02-14,2,7,5,260,1300
160,2023-02-14,4,8,10,237,2370
161,2023-02-13,1,9,8,149,1192
162,2023-02-13,3,10,125,47,5875
163,2023-02-14,2,11,124,74,9176
164,2023-02-15,4,12,95,203,19285
165,2023-02-13,2,13,203,85,17255
166,2023-02-13,1,14,224,90,20160
167,2023-02-15,1,15,78,55,4290
168,2023-02-15,1,16,25,75,1875
169,2023-02-13,2,18,148,77,11396
170,2023-02-14,5,19,19,73,1387
171,2023-02-13,4,20,5,210,1050
172,2023-02-14,4,22,1,468,468
173,2023-02-15,3,23,72,135,9720
174,2023-02-14,5,24,21,91,1911
175,2023-02-14,1,25,3,107,321
176,2023-02-20,2,1,132,119,15708
177,2023-02-20,3,2,191,111,21201
178,2023-02-21,2,3,107,139,14873
179,2023-02-21,2,4,90,71,6390
180,2023-02-20,5,5,5,221,1105
181,2023-02-22,2,6,121,65,7865
182,2023-02-21,2,8,15,232,3480
183,2023-02-22,1,9,12,149,1788
184,2023-02-21,1,10,114,42,4788
185,2023-02-22,1,11,96,65,6240
186,2023-02-20,2,12,55,181,9955
187,2023-02-22,1,13,85,84,7140
188,2023-02-22,1,14,79,90,7110
189,2023-02-20,2,15,81,58,4698
190,2023-02-20,1,16,18,75,1350
191,2023-02-20,1,18,84,76,6384
192,2023-02-21,2,19,51,81,4131
193,2023-02-20,4,20,7,215,1505
194,2023-02-22,3,23,3,135,405
195,2023-02-20,2,24,3,99,297
196,2023-02-27,1,1,73,128,9344
197,2023-02-27,1,2,962,88,84656
198,2023-03-01,3,3,146,137,20002
199,2023-02-28,1,4,4751,65,308815
200,2023-03-01,4,5,2,281,562
201,2023-02-27,1,6,104,65,6760
202,2023-02-28,4,8,14,237,3318
203,2023-03-01,2,9,5,159,795
204,2023-02-28,2,10,320,46,14720
205,2023-02-27,2,11,126,74,9324
206,2023-02-27,4,12,136,187,25432
207,2023-03-01,1,13,262,84,22008
208,2023-02-27,1,14,169,90,15210
209,2023-02-28,2,15,382,58,22156
210,2023-03-01,2,16,79,81,6399
211,2023-02-28,1,18,153,76,11628
212,2023-02-28,5,19,1032,73,75336
213,2023-03-01,5,20,2,182,364
214,2023-03-01,2,23,9,122,1098
215,2023-03-01,5,24,2,91,182
216,2023-03-06,1,1,23,116,2668
217,2023-03-07,2,2,1426,99,141174
218,2023-03-07,2,3,248,150,37200
219,2023-03-06,5,4,6108,59,360372
220,2023-03-08,4,5,5,270,1350
221,2023-03-08,1,6,451,65,29315
222,2023-03-08,4,8,11,237,2607
223,2023-03-08,1,9,4,149,596
224,2023-03-07,1,10,572,42,24024
225,2023-03-06,1,11,403,65,26195
226,2023-03-06,2,12,230,161,37030
227,2023-03-08,1,13,466,84,39144
228,2023-03-08,1,14,301,90,27090
229,2023-03-07,1,15,628,55,34540
230,2023-03-08,1,16,141,75,10575
231,2023-03-06,1,18,336,76,25536
232,2023-03-07,1,19,2143,74,158582
233,2023-03-08,2,20,12,198,2376
234,2023-03-07,2,23,9,122,1098
235,2023-03-06,2,25,6,115,690
236,2023-03-14,2,1,115,108,12420
237,2023-03-14,1,2,149,81,12069
238,2023-03-15,4,3,66,124,8184
239,2023-03-15,2,4,89,58,5162
240,2023-03-15,2,5,11,192,2112
241,2023-03-15,1,6,359,65,23335
242,2023-03-15,4,8,5,237,1185
243,2023-03-15,2,9,29,159,4611
244,2023-03-13,3,10,221,47,10387
245,2023-03-15,2,11,148,74,10952
246,2023-03-14,2,12,61,146,8906
247,2023-03-14,1,13,78,84,6552
248,2023-03-13,2,14,111,104,11544
249,2023-03-13,1,15,134,55,7370
250,2023-03-13,1,16,38,75,2850
251,2023-03-13,1,18,103,76,7828
252,2023-03-15,5,19,89,73,6497
253,2023-03-15,2,20,2,178,356
254,2023-03-14,3,23,80,135,10800
255,2023-03-13,1,24,2,95,190
256,2023-03-15,2,25,60,115,6900
257,2023-03-20,1,1,73,103,7519
258,2023-03-22,2,2,152,91,13832
259,2023-03-21,3,3,48,120,5760
260,2023-03-21,5,4,145,53,7685
261,2023-03-22,4,5,4,225,900
262,2023-03-22,1,6,127,65,8255
263,2023-03-22,4,7,8,308,2464
264,2023-03-21,4,8,14,237,3318
265,2023-03-21,2,9,10,159,1590
266,2023-03-20,1,10,157,42,6594
267,2023-03-20,2,11,145,74,10730
268,2023-03-20,4,12,42,167,7014
269,2023-03-22,1,13,53,84,4452
270,2023-03-21,2,14,60,104,6240
271,2023-03-21,2,15,112,58,6496
272,2023-03-22,2,16,15,81,1215
273,2023-03-20,1,18,81,76,6156
274,2023-03-21,2,19,21,81,1701
275,2023-03-20,4,20,10,182,1820
276,2023-03-20,2,22,2,466,932
277,2023-03-21,3,23,13,135,1755
278,2023-03-22,5,24,21,91,1911
279,2023-03-21,1,25,15,107,1605
280,2023-03-29,3,1,220,113,24860
281,2023-03-28,2,2,101,91,9191
282,2023-03-29,3,3,28,120,3360
283,2023-03-28,2,4,141,58,8178
284,2023-03-27,4,5,7,225,1575
285,2023-03-29,1,6,250,65,16250
286,2023-03-27,4,7,16,308,4928
287,2023-03-28,4,8,3,237,711
288,2023-03-28,2,9,14,159,2226
289,2023-03-28,1,10,378,42,15876
290,2023-03-29,2,11,292,74,21608
291,2023-03-28,2,12,48,146,7008
292,2023-03-28,2,13,62,85,5270
293,2023-03-28,2,14,97,104,10088
294,2023-03-29,1,15,142,55,7810
295,2023-03-27,1,16,55,75,4125
296,2023-03-29,1,18,148,76,11248
297,2023-03-29,1,19,47,74,3478
298,2023-03-28,2,20,9,178,1602
299,2023-03-27,4,22,5,468,2340
300,2023-03-29,3,23,44,135,5940
301,2023-03-29,1,24,45,95,4275
302,2023-03-28,1,25,39,107,4173
303,2023-04-05,3,1,203,113,22939
304,2023-04-03,1,2,147,81,11907
305,2023-04-05,4,3,47,124,5828
306,2023-04-03,1,4,306,55,16830
307,2023-04-05,4,5,7,225,1575
308,2023-04-03,1,6,360,65,23400
309,2023-04-03,4,7,10,308,3080
310,2023-04-05,4,8,11,237,2607
311,2023-04-04,2,9,14,159,2226
312,2023-04-03,2,10,266,46,12236
313,2023-04-05,1,11,200,65,13000
314,2023-04-05,4,12,73,167,12191
315,2023-04-03,1,13,70,84,5880
316,2023-04-04,1,14,107,90,9630
317,2023-04-05,1,15,142,55,7810
318,2023-04-03,1,16,18,75,1350
319,2023-04-04,2,18,103,77,7931
320,2023-04-05,2,19,85,81,6885
321,2023-04-04,2,20,11,178,1958
322,2023-04-05,4,22,4,468,1872
323,2023-04-05,2,23,15,122,1830
324,2023-04-05,5,24,6,91,546
325,2023-04-05,1,25,7,107,749
326,2023-04-10,1,1,95,103,9785
327,2023-04-10,1,2,86,81,6966
328,2023-04-11,2,3,17,124,2108
329,2023-04-10,5,4,123,53,6519
330,2023-04-10,4,5,6,225,1350
331,2023-04-12,1,6,125,65,8125
332,2023-04-12,4,8,3,237,711
333,2023-04-11,2,9,20,159,3180
334,2023-04-11,1,10,198,42,8316
335,2023-04-11,2,11,164,74,12136
336,2023-04-11,2,12,32,146,4672
337,2023-04-11,1,13,67,84,5628
338,2023-04-12,1,14,55,90,4950
339,2023-04-10,2,15,90,58,5220
340,2023-04-12,1,16,22,75,1650
341,2023-04-10,2,18,67,77,5159
342,2023-04-12,2,19,90,81,7290
343,2023-04-12,2,23,11,122,1342
344,2023-04-10,1,24,48,95,4560
345,2023-04-12,1,25,4,107,428
346,2023-04-19,1,1,290,103,29870
347,2023-04-17,1,2,89,81,7209
348,2023-04-17,3,3,6,120,720
349,2023-04-19,2,4,69,58,4002
350,2023-04-17,2,5,1,192,192
351,2023-04-19,1,6,61,65,3965
352,2023-04-18,2,8,14,232,3248
353,2023-04-18,2,9,11,159,1749
354,2023-04-19,1,10,140,42,5880
355,2023-04-17,1,11,78,65,5070
356,2023-04-17,2,12,32,146,4672
357,2023-04-18,1,13,27,84,2268
358,2023-04-17,1,14,73,90,6570
359,2023-04-18,2,15,69,58,4002
360,2023-04-17,2,16,17,81,1377
361,2023-04-19,2,18,57,77,4389
362,2023-04-17,1,19,46,74,3404
363,2023-04-18,2,20,3,178,534
364,2023-04-18,3,23,51,135,6885
365,2023-04-19,5,24,14,91,1274
366,2023-04-17,1,25,27,107,2889
367,2023-04-26,3,1,173,113,19549
368,2023-04-25,3,2,118,97,11446
369,2023-04-24,2,3,77,124,9548
370,2023-04-24,5,4,107,53,5671
371,2023-04-25,2,5,4,192,768
372,2023-04-25,2,6,125,65,8125
373,2023-04-24,2,9,12,159,1908
374,2023-04-24,1,10,115,42,4830
375,2023-04-25,1,11,106,65,6890
376,2023-04-26,4,12,21,167,3507
377,2023-04-26,1,13,71,84,5964
378,2023-04-24,1,14,76,90,6840
379,2023-04-25,1,15,101,55,5555
380,2023-04-25,1,16,22,75,1650
381,2023-04-25,2,18,121,77,9317
382,2023-04-24,2,19,33,81,2673
383,2023-04-26,5,20,5,155,775
384,2023-04-25,3,23,43,135,5805
385,2023-04-24,2,24,35,99,3465
386,2023-04-24,2,25,20,115,2300
387,2023-05-02,3,1,81,113,9153
388,2023-05-02,1,2,165,81,13365
389,2023-05-03,2,3,40,124,4960
390,2023-05-03,1,4,14,55,770
391,2023-05-02,4,5,32,225,7200
392,2023-05-02,1,6,219,65,14235
393,2023-05-03,2,7,20,260,5200
394,2023-05-02,4,8,14,237,3318
395,2023-05-02,1,9,33,149,4917
396,2023-05-03,2,10,148,46,6808
397,2023-05-03,2,11,162,74,11988
398,2023-05-03,2,12,101,146,14746
399,2023-05-02,2,13,88,85,7480
400,2023-05-01,1,14,90,90,8100
401,2023-05-01,2,15,133,58,7714
402,2023-05-01,1,16,34,75,2550
403,2023-05-01,2,18,245,77,18865
404,2023-05-03,4,22,8,468,3744
405,2023-05-02,3,23,43,135,5805
406,2023-05-02,4,24,3,107,321
407,2023-05-01,2,25,35,115,4025
408,2023-05-08,2,1,107,108,11556
409,2023-05-09,2,2,226,91,20566
410,2023-05-08,4,3,60,124,7440
411,2023-05-09,1,4,26,55,1430
412,2023-05-10,4,5,31,225,6975
413,2023-05-10,2,6,193,65,12545
414,2023-05-08,2,7,18,260,4680
415,2023-05-10,4,8,8,237,1896
416,2023-05-09,2,9,22,159,3498
417,2023-05-09,1,10,187,42,7854
418,2023-05-09,1,11,146,65,9490
419,2023-05-09,2,12,61,146,8906
420,2023-05-09,1,13,90,84,7560
421,2023-05-08,1,14,74,90,6660
422,2023-05-08,1,15,91,55,5005
423,2023-05-08,1,16,35,75,2625
424,2023-05-09,1,18,153,76,11628
425,2023-05-10,2,20,11,178,1958
426,2023-05-09,4,22,6,468,2808
427,2023-05-09,2,23,17,122,2074
428,2023-05-08,5,24,16,91,1456
429,2023-05-09,1,25,12,107,1284
430,2023-05-16,2,1,95,108,10260
431,2023-05-16,2,2,72,91,6552
432,2023-05-16,2,3,34,124,4216
433,2023-05-17,2,4,15,58,870
434,2023-05-15,2,5,26,192,4992
435,2023-05-15,2,6,59,65,3835
436,2023-05-15,4,7,10,308,3080
437,2023-05-17,2,9,18,159,2862
438,2023-05-17,2,10,139,46,6394
439,2023-05-17,2,11,84,74,6216
440,2023-05-16,4,12,95,167,15865
441,2023-05-17,1,13,59,84,4956
442,2023-05-15,2,14,59,104,6136
443,2023-05-15,1,15,48,55,2640
444,2023-05-17,1,16,48,75,3600
445,2023-05-17,2,18,175,77,13475
446,2023-05-16,2,20,1,178,178
447,2023-05-16,4,22,3,468,1404
448,2023-05-17,3,23,25,135,3375
449,2023-05-15,5,24,8,91,728
450,2023-05-16,2,25,7,115,805
451,2023-05-22,3,1,114,113,12882
452,2023-05-22,2,2,163,91,14833
453,2023-05-22,3,3,127,120,15240
454,2023-05-22,1,4,43,55,2365
455,2023-05-24,2,5,79,192,15168
456,2023-05-22,2,6,133,65,8645
457,2023-05-23,2,8,22,232,5104
458,2023-05-22,1,9,7,149,1043
459,2023-05-23,3,10,162,47,7614
460,2023-05-22,2,11,103,74,7622
461,2023-05-22,4,12,305,167,50935
462,2023-05-23,1,13,119,84,9996
463,2023-05-24,2,14,144,104,14976
464,2023-05-24,1,15,95,55,5225
465,2023-05-22,2,16,47,81,3807
466,2023-05-22,1,17,39,110,4290
467,2023-05-23,2,18,184,77,14168
468,2023-05-23,2,19,70,81,5670
469,2023-05-24,4,20,34,182,6188
470,2023-05-24,3,23,6,135,810
471,2023-05-23,2,24,2,99,198
472,2023-05-29,1,1,49,103,5047
473,2023-05-30,1,2,187,81,15147
474,2023-05-29,2,3,164,124,20336
475,2023-05-29,5,4,129,53,6837
476,2023-05-30,2,5,221,192,42432
477,2023-05-30,2,6,14,65,910
478,2023-05-31,2,8,39,232,9048
479,2023-05-29,1,9,33,149,4917
480,2023-05-30,1,10,169,42,7098
481,2023-05-29,2,11,56,74,4144
482,2023-05-29,4,12,551,167,92017
483,2023-05-30,1,13,184,84,15456
484,2023-05-31,2,14,213,104,22152
485,2023-05-30,1,15,89,55,4895
486,2023-05-30,1,16,87,75,6525
487,2023-05-31,2,17,139,116,16124
488,2023-05-29,1,18,339,76,25764
489,2023-05-29,2,19,192,81,15552
490,2023-05-31,2,20,123,178,21894
491,2023-05-29,3,23,22,135,2970
492,2023-05-29,2,24,6,99,594
493,2023-06-07,2,1,17,108,1836
494,2023-06-07,3,2,199,97,19303
495,2023-06-06,3,3,124,120,14880
496,2023-06-06,1,4,113,55,6215
497,2023-06-06,2,5,186,192,35712
498,2023-06-06,1,6,33,65,2145
499,2023-06-06,2,8,21,232,4872
500,2023-06-05,1,9,29,149,4321
501,2023-06-07,2,10,204,46,9384
502,2023-06-05,1,11,99,65,6435
503,2023-06-07,4,12,410,167,68470
504,2023-06-07,1,13,146,84,12264
505,2023-06-05,1,14,161,90,14490
506,2023-06-07,1,15,77,55,4235
507,2023-06-06,1,16,79,75,5925
508,2023-06-06,2,17,108,116,12528
509,2023-06-06,1,18,195,76,14820
510,2023-06-05,5,19,127,73,9271
511,2023-06-06,2,20,18,178,3204
512,2023-06-05,2,23,6,122,732
513,2023-06-06,2,24,8,99,792
514,2023-06-13,1,1,32,103,3296
515,2023-06-12,3,2,155,97,15035
516,2023-06-14,3,3,182,120,21840
517,2023-06-14,1,4,128,55,7040
518,2023-06-13,4,5,236,225,53100
519,2023-06-13,2,6,42,65,2730
520,2023-06-12,4,8,30,237,7110
521,2023-06-12,1,9,6,149,894
522,2023-06-12,2,10,183,46,8418
523,2023-06-13,1,11,96,65,6240
524,2023-06-14,2,12,547,146,79862
525,2023-06-14,2,13,159,85,13515
526,2023-06-12,1,14,191,90,17190
527,2023-06-12,2,15,87,58,5046
528,2023-06-12,2,16,88,81,7128
529,2023-06-12,1,17,104,110,11440
530,2023-06-14,2,18,247,77,19019
531,2023-06-14,2,19,118,81,9558
532,2023-06-13,5,20,77,155,11935
533,2023-06-14,3,23,12,135,1620
534,2023-06-14,2,24,1,99,99
535,2023-06-19,2,1,23,108,2484
536,2023-06-20,2,2,208,91,18928
537,2023-06-21,3,3,156,120,18720
538,2023-06-20,2,4,125,58,7250
539,2023-06-20,4,5,118,225,26550
540,2023-06-21,2,6,59,65,3835
541,2023-06-20,4,8,64,237,15168
542,2023-06-19,1,9,7,149,1043
543,2023-06-20,2,10,132,46,6072
544,2023-06-21,1,11,94,65,6110
545,2023-06-20,2,12,428,146,62488
546,2023-06-20,1,13,149,84,12516
547,2023-06-21,2,14,139,104,14456
548,2023-06-21,1,15,73,55,4015
549,2023-06-20,1,16,53,75,3975
550,2023-06-21,1,17,90,110,9900
551,2023-06-21,1,18,213,76,16188
552,2023-06-20,5,19,128,73,9344
553,2023-06-21,5,20,55,155,8525
554,2023-06-19,2,23,10,122,1220
555,2023-06-20,1,24,6,95,570
556,2023-06-28,3,1,68,113,7684
557,2023-06-26,2,2,198,91,18018
558,2023-06-28,3,3,34,120,4080
559,2023-06-27,1,4,56,55,3080
560,2023-06-28,4,5,78,225,17550
561,2023-06-27,1,6,42,65,2730
562,2023-06-28,4,8,18,237,4266
563,2023-06-26,2,9,41,159,6519
564,2023-06-28,2,10,106,46,4876
565,2023-06-28,1,11,84,65,5460
566,2023-06-28,4,12,252,167,42084
567,2023-06-27,1,13,137,84,11508
568,2023-06-28,2,14,98,104,10192
569,2023-06-26,1,15,76,55,4180
570,2023-06-26,1,16,30,75,2250
571,2023-06-27,1,17,25,110,2750
572,2023-06-27,2,18,146,77,11242
573,2023-06-26,5,19,84,73,6132
574,2023-06-27,4,20,14,182,2548
575,2023-06-28,3,23,8,135,1080
576,2023-06-28,4,24,16,107,1712
577,2023-07-03,3,1,91,113,10283
578,2023-07-04,3,2,58,97,5626
579,2023-07-05,2,3,58,124,7192
580,2023-07-04,5,4,29,53,1537
581,2023-07-03,4,5,64,225,14400
582,2023-07-03,2,6,36,65,2340
583,2023-07-05,2,9,18,159,2862
584,2023-07-05,3,10,91,47,4277
585,2023-07-04,2,11,79,74,5846
586,2023-07-04,4,12,85,167,14195
587,2023-07-05,1,13,61,84,5124
588,2023-07-03,1,14,54,90,4860
589,2023-07-03,1,15,40,55,2200
590,2023-07-03,1,16,28,75,2100
591,2023-07-04,1,18,100,76,7600
592,2023-07-05,2,20,27,178,4806
593,2023-07-05,2,23,12,122,1464
594,2023-07-03,2,24,28,99,2772
595,2023-07-10,2,1,92,108,9936
596,2023-07-10,3,2,118,97,11446
597,2023-07-12,2,3,84,124,10416
598,2023-07-11,1,4,35,55,1925
599,2023-07-10,4,5,99,225,22275
600,2023-07-12,2,6,164,65,10660
601,2023-07-11,2,8,12,232,2784
602,2023-07-12,2,9,30,159,4770
603,2023-07-11,3,10,188,47,8836
604,2023-07-10,1,11,181,65,11765
605,2023-07-11,2,12,246,146,35916
606,2023-07-11,1,13,76,84,6384
607,2023-07-12,2,14,133,104,13832
608,2023-07-11,1,15,127,55,6985
609,2023-07-12,2,16,40,81,3240
610,2023-07-11,1,17,9,110,990
611,2023-07-11,2,18,165,77,12705
612,2023-07-10,4,20,11,182,2002
613,2023-07-10,2,23,62,122,7564
614,2023-07-10,2,24,3,99,297
615,2023-07-11,1,25,45,107,4815
616,2023-07-18,3,1,104,113,11752
617,2023-07-18,2,2,105,91,9555
618,2023-07-17,2,3,79,124,9796
619,2023-07-17,1,4,22,55,1210
620,2023-07-19,4,5,85,225,19125
621,2023-07-18,1,6,205,65,13325
622,2023-07-18,4,7,23,308,7084
623,2023-07-19,4,8,4,237,948
624,2023-07-18,1,9,10,149,1490
625,2023-07-17,2,10,145,46,6670
626,2023-07-19,1,11,110,65,7150
627,2023-07-18,4,12,164,167,27388
628,2023-07-18,1,13,68,84,5712
629,2023-07-18,2,14,110,104,11440
630,2023-07-18,1,15,64,55,3520
631,2023-07-19,1,16,6,75,450
632,2023-07-17,1,18,29,76,2204
633,2023-07-17,4,20,22,182,4004
634,2023-07-19,4,22,8,468,3744
635,2023-07-19,3,23,18,135,2430
636,2023-07-17,1,25,14,107,1498
637,2023-07-26,2,1,81,108,8748
638,2023-07-25,1,2,155,81,12555
639,2023-07-26,4,3,47,124,5828
640,2023-07-26,1,4,31,55,1705
641,2023-07-25,4,5,36,225,8100
642,2023-07-26,1,6,144,65,9360
643,2023-07-25,4,7,8,308,2464
644,2023-07-26,4,8,17,237,4029
645,2023-07-25,1,9,6,149,894
646,2023-07-25,1,10,247,42,10374
647,2023-07-24,1,11,162,65,10530
648,2023-07-24,2,12,109,146,15914
649,2023-07-25,2,13,57,85,4845
650,2023-07-26,2,14,113,104,11752
651,2023-07-25,1,15,87,55,4785
652,2023-07-25,1,16,27,75,2025
653,2023-07-25,1,17,18,110,1980
654,2023-07-24,1,18,70,76,5320
655,2023-07-26,4,20,18,182,3276
656,2023-07-25,4,22,3,468,1404
657,2023-07-24,2,23,17,122,2074
658,2023-07-25,1,24,5,95,475
659,2023-07-26,1,25,18,107,1926
660,2023-08-02,1,1,131,103,13493
661,2023-07-31,2,2,100,91,9100
662,2023-08-01,3,3,65,120,7800
663,2023-07-31,5,4,29,53,1537
664,2023-08-02,2,5,76,192,14592
665,2023-08-02,2,6,245,65,15925
666,2023-08-01,4,7,8,308,2464
667,2023-08-01,2,8,26,232,6032
668,2023-08-01,2,9,15,159,2385
669,2023-08-01,1,10,166,42,6972
670,2023-07-31,2,11,195,74,14430
671,2023-08-01,2,12,191,146,27886
672,2023-08-01,1,13,54,84,4536
673,2023-08-01,2,14,145,104,15080
674,2023-07-31,1,15,120,55,6600
675,2023-08-02,1,16,17,75,1275
676,2023-07-31,1,18,69,76,5244
677,2023-08-01,2,20,28,178,4984
678,2023-08-02,1,21,12,85,1020
679,2023-08-02,4,22,3,468,1404
680,2023-08-02,2,23,57,122,6954
681,2023-07-31,1,24,14,95,1330
682,2023-08-02,1,25,36,107,3852
683,2023-08-07,2,1,170,108,18360
684,2023-08-07,1,2,95,81,7695
685,2023-08-07,2,3,23,124,2852
686,2023-08-09,5,4,22,53,1166
687,2023-08-08,2,5,3,192,576
688,2023-08-09,2,6,102,65,6630
689,2023-08-08,2,7,9,260,2340
690,2023-08-07,2,8,24,232,5568
691,2023-08-07,1,9,13,149,1937
692,2023-08-08,2,10,63,46,2898
693,2023-08-08,1,11,37,65,2405
694,2023-08-07,2,12,72,146,10512
695,2023-08-07,1,13,56,84,4704
696,2023-08-07,1,14,81,90,7290
697,2023-08-09,1,15,49,55,2695
698,2023-08-07,2,16,33,81,2673
699,2023-08-07,2,18,116,77,8932
700,2023-08-08,5,20,2,155,310
701,2023-08-07,1,21,10,85,850
702,2023-08-09,2,22,6,466,2796
703,2023-08-09,2,23,15,122,1830
704,2023-08-08,5,24,8,91,728
705,2023-08-07,1,25,12,107,1284
706,2023-08-14,2,1,134,108,14472
707,2023-08-16,1,2,139,81,11259
708,2023-08-15,4,3,95,124,11780
709,2023-08-16,2,4,12,58,696
710,2023-08-14,4,5,45,225,10125
711,2023-08-16,1,6,161,65,10465
712,2023-08-16,4,7,6,308,1848
713,2023-08-15,4,8,44,237,10428
714,2023-08-14,1,9,16,149,2384
715,2023-08-14,3,10,157,47,7379
716,2023-08-14,1,11,144,65,9360
717,2023-08-15,4,12,157,167,26219
718,2023-08-15,1,13,82,84,6888
719,2023-08-14,1,14,103,90,9270
720,2023-08-14,1,15,95,55,5225
721,2023-08-14,1,16,17,75,1275
722,2023-08-15,1,18,54,76,4104
723,2023-08-14,2,20,20,178,3560
724,2023-08-16,1,21,12,85,1020
725,2023-08-16,4,22,5,468,2340
726,2023-08-14,3,23,25,135,3375
727,2023-08-15,2,24,4,99,396
728,2023-08-16,1,25,12,107,1284
729,2023-08-21,1,1,50,103,5150
730,2023-08-22,2,2,15,91,1365
731,2023-08-22,2,3,29,124,3596
732,2023-08-21,2,4,106,58,6148
733,2023-08-21,5,5,4,177,708
734,2023-08-23,1,6,42,65,2730
735,2023-08-21,4,7,7,308,2156
736,2023-08-22,4,8,12,237,2844
737,2023-08-22,2,9,4,159,636
738,2023-08-23,1,10,234,42,9828
739,2023-08-22,2,11,76,74,5624
740,2023-08-22,4,12,22,167,3674
741,2023-08-21,2,13,44,85,3740
742,2023-08-23,2,14,36,104,3744
743,2023-08-22,2,15,125,58,7250
744,2023-08-23,1,16,134,75,10050
745,2023-08-23,1,17,169,110,18590
746,2023-08-22,1,18,503,76,38228
747,2023-08-21,5,19,174,73,12702
748,2023-08-23,4,20,14,182,2548
749,2023-08-23,4,22,5,468,2340
750,2023-08-22,3,23,14,135,1890
751,2023-08-21,1,24,9,95,855
752,2023-08-22,1,25,3,107,321
753,2023-08-29,3,1,105,113,11865
754,2023-08-28,1,2,47,81,3807
755,2023-08-29,3,3,26,120,3120
756,2023-08-30,2,4,335,58,19430
757,2023-08-30,4,5,4,225,900
758,2023-08-30,2,6,201,65,13065
759,2023-08-28,1,9,13,149,1937
760,2023-08-30,3,10,519,47,24393
761,2023-08-30,1,11,201,65,13065
762,2023-08-30,4,12,37,167,6179
763,2023-08-29,2,13,71,85,6035
764,2023-08-29,1,14,81,90,7290
765,2023-08-29,1,15,282,55,15510
766,2023-08-30,1,16,219,75,16425
767,2023-08-30,5,17,252,111,27972
768,2023-08-30,1,18,779,76,59204
769,2023-08-28,1,19,424,74,31376
770,2023-08-30,5,20,11,155,1705
771,2023-08-29,3,23,29,135,3915
772,2023-08-29,5,24,2,91,182
773,2023-08-29,2,25,6,115,690
774,2023-09-06,2,1,117,108,12636
775,2023-09-05,1,2,177,81,14337
776,2023-09-06,3,3,35,120,4200
777,2023-09-05,1,4,29,55,1595
778,2023-09-05,4,5,5,225,1125
779,2023-09-06,1,6,209,65,13585
780,2023-09-06,2,7,8,260,2080
781,2023-09-04,2,8,30,232,6960
782,2023-09-06,3,10,233,47,10951
783,2023-09-06,2,11,214,74,15836
784,2023-09-06,4,12,25,167,4175
785,2023-09-04,1,13,58,84,4872
786,2023-09-04,2,14,86,104,8944
787,2023-09-06,2,15,78,58,4524
788,2023-09-04,1,16,46,75,3450
789,2023-09-06,1,18,141,76,10716
790,2023-09-05,5,20,11,155,1705
791,2023-09-05,4,22,10,468,4680
792,2023-09-04,3,23,26,135,3510
793,2023-09-05,5,24,11,91,1001
794,2023-09-04,2,25,5,115,575
795,2023-09-11,2,1,124,108,13392
796,2023-09-11,2,2,169,91,15379
797,2023-09-12,2,3,76,124,9424
798,2023-09-12,5,4,30,53,1590
799,2023-09-11,2,5,8,192,1536
800,2023-09-13,1,6,215,65,13975
801,2023-09-13,2,7,3,260,780
802,2023-09-12,2,8,27,232,6264
803,2023-09-11,1,9,6,149,894
804,2023-09-13,3,10,154,47,7238
805,2023-09-12,2,11,138,74,10212
806,2023-09-12,2,12,70,146,10220
807,2023-09-13,1,13,49,84,4116
808,2023-09-11,1,14,75,90,6750
809,2023-09-12,1,15,75,55,4125
810,2023-09-11,2,16,48,81,3888
811,2023-09-11,1,18,202,76,15352
812,2023-09-12,2,20,5,178,890
813,2023-09-12,2,22,1,466,466
814,2023-09-13,3,23,16,135,2160
815,2023-09-13,2,25,3,115,345
816,2023-09-18,1,1,98,103,10094
817,2023-09-18,1,2,141,81,11421
818,2023-09-18,2,3,31,124,3844
819,2023-09-18,5,4,34,53,1802
820,2023-09-18,4,5,11,225,2475
821,2023-09-20,2,6,165,65,10725
822,2023-09-19,2,7,15,260,3900
823,2023-09-19,4,8,23,237,5451
824,2023-09-20,1,10,172,42,7224
825,2023-09-18,1,11,154,65,10010
826,2023-09-19,2,12,54,146,7884
827,2023-09-20,1,13,43,84,3612
828,2023-09-18,2,14,65,104,6760
829,2023-09-20,2,15,110,58,6380
830,2023-09-18,1,16,23,75,1725
831,2023-09-20,1,18,109,76,8284
832,2023-09-18,2,20,6,178,1068
833,2023-09-19,1,21,12,85,1020
834,2023-09-18,2,22,5,466,2330
835,2023-09-18,2,23,40,122,4880
836,2023-09-18,5,24,8,91,728
837,2023-09-20,2,25,17,115,1955
838,2023-09-27,2,1,152,108,16416
839,2023-09-25,3,2,56,97,5432
840,2023-09-27,2,3,53,124,6572
841,2023-09-26,2,4,30,58,1740
842,2023-09-27,5,5,13,177,2301
843,2023-09-27,1,6,179,65,11635
844,2023-09-27,4,7,19,308,5852
845,2023-09-27,4,8,13,237,3081
846,2023-09-25,1,9,7,149,1043
847,2023-09-27,1,10,116,42,4872
848,2023-09-27,2,11,108,74,7992
849,2023-09-27,2,12,26,146,3796
850,2023-09-27,1,13,61,84,5124
851,2023-09-25,2,14,60,104,6240
852,2023-09-25,2,15,99,58,5742
853,2023-09-26,2,16,25,81,2025
854,2023-09-27,2,18,107,77,8239
855,2023-09-27,2,20,12,178,2136
856,2023-09-25,1,21,12,85,1020
857,2023-09-27,4,22,6,468,2808
858,2023-09-25,3,23,31,135,4185
859,2023-09-27,5,24,1,91,91
860,2023-09-27,1,25,31,107,3317
861,2023-10-02,2,1,144,108,15552
862,2023-10-04,2,2,71,91,6461
863,2023-10-03,3,3,45,120,5400
864,2023-10-04,5,4,20,53,1060
865,2023-10-04,2,5,4,192,768
866,2023-10-02,2,6,142,65,9230
867,2023-10-04,4,8,2,237,474
868,2023-10-04,1,9,14,149,2086
869,2023-10-03,1,10,184,42,7728
870,2023-10-02,2,11,123,74,9102
871,2023-10-04,2,12,32,146,4672
872,2023-10-03,2,13,60,85,5100
873,2023-10-02,2,14,88,104,9152
874,2023-10-02,2,15,84,58,4872
875,2023-10-03,1,16,46,75,3450
876,2023-10-04,2,18,206,77,15862
877,2023-10-03,4,20,6,182,1092
878,2023-10-04,1,21,10,85,850
879,2023-10-02,3,23,32,135,4320
880,2023-10-02,4,24,14,107,1498
881,2023-10-04,2,25,13,115,1495
882,2023-10-10,3,1,104,113,11752
883,2023-10-09,1,2,106,81,8586
884,2023-10-10,2,3,50,124,6200
885,2023-10-10,1,4,31,55,1705
886,2023-10-11,4,5,10,225,2250
887,2023-10-09,1,6,249,65,16185
888,2023-10-10,4,7,25,308,7700
889,2023-10-11,4,8,15,237,3555
890,2023-10-11,1,9,19,149,2831
891,2023-10-11,3,10,210,47,9870
892,2023-10-11,1,11,185,65,12025
893,2023-10-11,4,12,36,167,6012
894,2023-10-11,2,13,62,85,5270
895,2023-10-09,2,14,99,104,10296
896,2023-10-10,1,15,133,55,7315
897,2023-10-11,1,16,43,75,3225
898,2023-10-10,1,18,209,76,15884
899,2023-10-10,5,20,8,155,1240
900,2023-10-11,2,22,9,466,4194
901,2023-10-10,3,23,55,135,7425
902,2023-10-09,2,24,4,99,396
903,2023-10-11,2,25,38,115,4370
904,2023-10-17,2,1,107,108,11556
905,2023-10-17,3,2,63,97,6111
906,2023-10-16,3,3,13,120,1560
907,2023-10-18,2,4,30,58,1740
908,2023-10-18,4,5,9,225,2025
909,2023-10-18,1,6,214,65,13910
910,2023-10-18,2,7,4,260,1040
911,2023-10-18,2,8,14,232,3248
912,2023-10-17,2,9,18,159,2862
913,2023-10-17,2,10,199,46,9154
914,2023-10-17,2,11,158,74,11692
915,2023-10-16,2,12,47,146,6862
916,2023-10-16,1,13,40,84,3360
917,2023-10-18,2,14,66,104,6864
918,2023-10-16,1,15,126,55,6930
919,2023-10-18,2,16,76,81,6156
920,2023-10-17,2,18,285,77,21945
921,2023-10-17,2,20,3,178,534
922,2023-10-17,1,21,44,85,3740
923,2023-10-16,2,22,1,466,466
924,2023-10-17,3,23,19,135,2565
925,2023-10-18,2,25,26,115,2990
926,2023-10-24,2,1,67,108,7236
927,2023-10-23,1,2,111,81,8991
928,2023-10-25,2,3,23,124,2852
929,2023-10-23,1,4,26,55,1430
930,2023-10-25,4,5,15,225,3375
931,2023-10-24,1,6,237,65,15405
932,2023-10-24,4,7,3,308,924
933,2023-10-25,4,8,30,237,7110
934,2023-10-23,2,9,25,159,3975
935,2023-10-23,3,10,197,47,9259
936,2023-10-24,2,11,145,74,10730
937,2023-10-24,4,12,46,167,7682
938,2023-10-25,1,13,40,84,3360
939,2023-10-23,1,14,71,90,6390
940,2023-10-23,2,15,118,58,6844
941,2023-10-25,1,16,24,75,1800
942,2023-10-24,2,18,84,77,6468
943,2023-10-23,4,20,7,182,1274
944,2023-10-24,4,22,4,468,1872
945,2023-10-24,3,23,44,135,5940
946,2023-10-25,4,24,14,107,1498
947,2023-10-24,1,25,22,107,2354
948,2023-10-30,3,1,122,113,13786
949,2023-10-30,1,2,147,81,11907
950,2023-11-01,4,3,18,124,2232
951,2023-11-01,1,4,22,55,1210
952,2023-11-01,5,5,7,177,1239
953,2023-10-31,1,6,140,65,9100
954,2023-10-31,4,7,13,308,4004
955,2023-11-01,4,8,2,237,474
956,2023-11-01,2,9,19,159,3021
957,2023-10-31,3,10,178,47,8366
958,2023-10-30,1,11,145,65,9425
959,2023-10-31,4,12,36,167,6012
960,2023-11-01,1,13,65,84,5460
961,2023-11-01,1,14,51,90,4590
962,2023-10-31,2,15,109,58,6322
963,2023-10-31,2,16,37,81,2997
964,2023-10-31,1,18,163,76,12388
965,2023-10-30,4,20,5,182,910
966,2023-11-01,2,21,12,90,1080
967,2023-10-30,2,22,5,466,2330
968,2023-10-30,2,23,42,122,5124
969,2023-10-30,2,24,2,99,198
970,2023-10-30,1,25,28,107,2996
971,2023-11-08,3,1,124,113,14012
972,2023-11-08,3,2,148,97,14356
973,2023-11-07,4,3,73,124,9052
974,2023-11-07,2,4,24,58,1392
975,2023-11-07,4,5,9,225,2025
976,2023-11-07,1,6,115,65,7475
977,2023-11-06,2,7,11,260,2860
978,2023-11-06,2,8,23,232,5336
979,2023-11-06,1,9,15,149,2235
980,2023-11-07,3,10,172,47,8084
981,2023-11-06,1,11,142,65,9230
982,2023-11-08,4,12,52,167,8684
983,2023-11-08,1,13,77,84,6468
984,2023-11-07,2,14,98,104,10192
985,2023-11-08,2,15,70,58,4060
986,2023-11-07,1,16,38,75,2850
987,2023-11-06,2,18,179,77,13783
988,2023-11-07,2,20,6,178,1068
989,2023-11-08,4,22,12,468,5616
990,2023-11-08,2,23,24,122,2928
991,2023-11-07,4,24,7,107,749
992,2023-11-06,2,25,7,115,805
993,2023-11-13,3,1,146,113,16498
994,2023-11-13,3,2,124,97,12028
995,2023-11-13,2,3,74,124,9176
996,2023-11-15,2,4,26,58,1508
997,2023-11-13,2,5,1,192,192
998,2023-11-13,2,6,141,65,9165
999,2023-11-15,4,7,7,308,2156
1000,2023-11-14,4,8,2,237,474
1001,2023-11-13,1,9,17,149,2533
1002,2023-11-15,2,10,172,46,7912
1003,2023-11-15,2,11,135,74,9990
1004,2023-11-13,2,12,45,146,6570
1005,2023-11-15,2,13,77,85,6545
1006,2023-11-14,1,14,76,90,6840
1007,2023-11-15,1,15,89,55,4895
1008,2023-11-14,2,16,27,81,2187
1009,2023-11-15,1,18,121,76,9196
1010,2023-11-13,4,20,1,182,182
1011,2023-11-14,1,21,10,85,850
1012,2023-11-14,2,22,2,466,932
1013,2023-11-15,2,23,18,122,2196
1014,2023-11-15,5,24,5,91,455
1015,2023-11-14,1,25,12,107,1284
1016,2023-11-20,3,1,75,113,8475
1017,2023-11-20,2,2,86,91,7826
1018,2023-11-22,3,3,15,120,1800
1019,2023-11-20,5,4,27,53,1431
1020,2023-11-22,4,5,3,225,675
1021,2023-11-20,1,6,216,65,14040
1022,2023-11-21,4,7,14,308,4312
1023,2023-11-21,2,8,8,232,1856
1024,2023-11-20,2,9,19,159,3021
1025,2023-11-20,3,10,316,47,14852
1026,2023-11-20,2,11,222,74,16428
1027,2023-11-22,4,12,24,167,4008
1028,2023-11-22,1,13,46,84,3864
1029,2023-11-21,1,14,70,90,6300
1030,2023-11-20,2,15,124,58,7192
1031,2023-11-22,1,16,36,75,2700
1032,2023-11-20,1,18,120,76,9120
1033,2023-11-20,2,20,12,178,2136
1034,2023-11-22,2,22,4,466,1864
1035,2023-11-21,3,23,42,135,5670
1036,2023-11-21,1,25,23,107,2461
1037,2023-11-29,3,1,149,113,16837
1038,2023-11-29,2,2,99,91,9009
1039,2023-11-29,3,3,45,120,5400
1040,2023-11-29,1,4,18,55,990
1041,2023-11-28,2,5,12,192,2304
1042,2023-11-28,1,6,195,65,12675
1043,2023-11-29,2,7,47,260,12220
1044,2023-11-29,4,8,32,237,7584
1045,2023-11-29,1,9,7,149,1043
1046,2023-11-29,3,10,260,47,12220
1047,2023-11-29,1,11,193,65,12545
1048,2023-11-28,2,12,49,146,7154
1049,2023-11-28,1,13,64,84,5376
1050,2023-11-27,2,14,143,104,14872
1051,2023-11-27,2,15,115,58,6670
1052,2023-11-27,2,16,54,81,4374
1053,2023-11-28,2,18,134,77,10318
1054,2023-11-27,4,20,7,182,1274
1055,2023-11-28,1,21,24,85,2040
1056,2023-11-27,4,22,25,468,11700
1057,2023-11-27,3,23,69,135,9315
1058,2023-11-29,5,24,8,91,728
1059,2023-11-29,1,25,65,107,6955
1060,2023-12-04,1,1,133,103,13699
1061,2023-12-05,1,2,128,81,10368
1062,2023-12-06,3,3,55,120,6600
1063,2023-12-05,1,4,19,55,1045
1064,2023-12-05,2,5,4,192,768
1065,2023-12-04,1,6,143,65,9295
1066,2023-12-04,4,7,2,308,616
1067,2023-12-05,2,8,6,232,1392
1068,2023-12-05,1,9,17,149,2533
1069,2023-12-06,1,10,80,42,3360
1070,2023-12-06,1,11,138,65,8970
1071,2023-12-04,4,12,37,167,6179
1072,2023-12-05,1,13,78,84,6552
1073,2023-12-04,1,14,63,90,5670
1074,2023-12-04,1,15,66,55,3630
1075,2023-12-04,1,16,15,75,1125
1076,2023-12-06,1,18,105,76,7980
1077,2023-12-05,2,20,12,178,2136
1078,2023-12-05,2,22,4,466,1864
1079,2023-12-06,2,23,15,122,1830
1080,2023-12-05,4,24,14,107,1498
1081,2023-12-13,1,1,145,103,14935
1082,2023-12-12,2,2,137,91,12467
1083,2023-12-12,2,3,39,124,4836
1084,2023-12-12,1,4,26,55,1430
1085,2023-12-12,5,5,8,177,1416
1086,2023-12-12,2,6,115,65,7475
1087,2023-12-12,4,7,14,308,4312
1088,2023-12-13,4,8,7,237,1659
1089,2023-12-11,1,9,22,149,3278
1090,2023-12-12,1,10,131,42,5502
1091,2023-12-11,2,11,116,74,8584
1092,2023-12-12,4,12,35,167,5845
1093,2023-12-12,1,13,62,84,5208
1094,2023-12-11,1,14,86,90,7740
1095,2023-12-13,2,15,63,58,3654
1096,2023-12-13,1,16,27,75,2025
1097,2023-12-13,1,18,95,76,7220
1098,2023-12-13,4,22,7,468,3276
1099,2023-12-13,3,23,45,135,6075
1100,2023-12-11,2,24,14,99,1386
1101,2023-12-11,1,25,26,107,2782
1102,2023-12-19,1,1,336,116,38976
1103,2023-12-20,1,2,286,81,23166
1104,2023-12-20,4,3,22,124,2728
1105,2023-12-20,2,4,30,58,1740
1106,2023-12-18,4,5,7,225,1575
1107,2023-12-18,1,6,1441,65,93665
1108,2023-12-20,4,7,69,329,22701
1109,2023-12-19,4,8,39,237,9243
1110,2023-12-19,1,9,11,149,1639
1111,2023-12-18,2,10,1206,46,55476
1112,2023-12-20,1,11,1184,65,76960
1113,2023-12-19,2,12,42,146,6132
1114,2023-12-20,2,13,101,85,8585
1115,2023-12-18,1,14,404,102,41208
1116,2023-12-19,1,15,660,55,36300
1117,2023-12-18,1,16,118,75,8850
1118,2023-12-20,2,18,440,77,33880
1119,2023-12-19,2,20,4,178,712
1120,2023-12-19,1,21,54,85,4590
1121,2023-12-19,4,22,36,468,16848
1122,2023-12-18,3,23,215,143,30745
1123,2023-12-20,5,24,7,91,637
1124,2023-12-19,1,25,191,118,22538
1125,2023-12-26,3,1,535,123,65805
1126,2023-12-26,2,2,59,91,5369
1127,2023-12-25,2,3,7,124,868
1128,2023-12-26,1,4,15,55,825
1129,2023-12-25,5,5,1,177,177
1130,2023-12-25,1,6,1274,65,82810
1131,2023-12-27,4,7,112,326,36512
1132,2023-12-26,2,8,33,232,7656
1133,2023-12-26,3,10,1294,47,60818
1134,2023-12-25,1,11,1222,65,79430
1135,2023-12-27,2,12,11,146,1606
1136,2023-12-25,2,13,39,85,3315
1137,2023-12-25,2,14,472,111,52392
1138,2023-12-27,1,15,711,55,39105
1139,2023-12-27,1,16,182,75,13650
1140,2023-12-26,1,18,619,76,47044
1141,2023-12-27,2,20,10,178,1780
1142,2023-12-26,1,21,12,85,1020
1143,2023-12-25,2,22,54,466,25164
1144,2023-12-25,2,23,333,132,43956
1145,2023-12-25,1,24,5,95,475
1146,2023-12-25,1,25,271,122,33062
1147,2024-01-01,3,1,179,122,21838
1148,2024-01-03,3,2,88,102,8976
1149,2024-01-01,4,3,24,141,3384
1150,2024-01-01,1,4,19,60,1140
1151,2024-01-03,5,5,4,188,752
1152,2024-01-03,1,6,186,66,12276
1153,2024-01-03,4,7,6,335,2010
1154,2024-01-02,2,8,14,248,3472
1155,2024-01-02,1,9,26,158,4108
1156,2024-01-03,3,10,145,55,7975
1157,2024-01-03,1,11,108,72,7776
1158,2024-01-03,4,12,38,181,6878
1159,2024-01-03,1,13,62,91,5642
1160,2024-01-03,1,14,45,102,4590
1161,2024-01-02,1,15,100,56,5600
1162,2024-01-03,2,16,34,88,2992
1163,2024-01-01,2,18,167,84,14028
1164,2024-01-01,2,20,3,185,555
1165,2024-01-01,2,21,11,96,1056
1166,2024-01-01,2,22,4,490,1960
1167,2024-01-03,3,23,15,143,2145
1168,2024-01-02,4,24,4,124,496
1169,2024-01-01,2,25,7,131,917
1170,2024-01-10,2,1,190,121,22990
1171,2024-01-09,1,2,210,88,18480
1172,2024-01-08,3,3,51,132,6732
1173,2024-01-10,2,4,29,60,1740
1174,2024-01-09,2,5,4,213,852
1175,2024-01-10,1,6,255,66,16830
1176,2024-01-09,4,7,4,335,1340
1177,2024-01-10,4,8,23,280,6440
1178,2024-01-08,1,9,21,158,3318
1179,2024-01-10,2,10,259,54,13986
1180,2024-01-08,2,11,250,81,20250
1181,2024-01-09,4,12,45,181,8145
1182,2024-01-08,2,13,84,96,8064
1183,2024-01-10,2,14,130,110,14300
1184,2024-01-08,2,15,147,64,9408
1185,2024-01-08,2,16,45,88,3960
1186,2024-01-10,2,18,141,84,11844
1187,2024-01-08,2,20,4,185,740
1188,2024-01-09,2,21,30,96,2880
1189,2024-01-10,4,22,8,532,4256
1190,2024-01-09,2,23,54,134,7236
1191,2024-01-10,1,24,13,104,1352
1192,2024-01-08,1,25,29,123,3567
1193,2024-01-17,2,1,89,121,10769
1194,2024-01-16,1,2,76,88,6688
1195,2024-01-15,3,3,27,132,3564
1196,2024-01-16,2,4,20,60,1200
1197,2024-01-16,2,5,3,213,639
1198,2024-01-15,1,6,187,66,12342
1199,2024-01-16,4,7,10,335,3350
1200,2024-01-17,2,8,13,248,3224
1201,2024-01-16,1,9,4,158,632
1202,2024-01-15,1,10,98,48,4704
1203,2024-01-15,1,11,64,72,4608
1204,2024-01-16,2,12,22,170,3740
1205,2024-01-15,2,13,41,96,3936
1206,2024-01-17,1,14,46,102,4692
1207,2024-01-17,1,15,98,56,5488
1208,2024-01-16,1,16,38,82,3116
1209,2024-01-17,1,18,164,79,12956
1210,2024-01-17,5,20,11,163,1793
1211,2024-01-16,2,21,12,96,1152
1212,2024-01-17,4,22,4,532,2128
1213,2024-01-16,2,23,29,134,3886
1214,2024-01-15,2,24,8,106,848
1215,2024-01-15,1,25,21,123,2583
1216,2024-01-23,3,1,184,122,22448
1217,2024-01-22,1,2,171,88,15048
1218,2024-01-24,2,3,43,133,5719
1219,2024-01-23,5,4,30,55,1650
1220,2024-01-24,5,5,4,188,752
1221,2024-01-23,1,6,281,66,18546
1222,2024-01-24,2,7,11,291,3201
1223,2024-01-23,4,8,28,280,7840
1224,2024-01-24,2,9,4,172,688
1225,2024-01-24,2,10,193,54,10422
1226,2024-01-22,1,11,187,72,13464
1227,2024-01-24,4,12,66,181,11946
1228,2024-01-22,1,13,57,91,5187
1229,2024-01-24,2,14,85,110,9350
1230,2024-01-22,1,15,132,56,7392
1231,2024-01-23,2,16,41,88,3608
1232,2024-01-23,2,18,121,84,10164
1233,2024-01-22,5,20,12,163,1956
1234,2024-01-24,2,21,10,96,960
1235,2024-01-24,2,22,4,490,1960
1236,2024-01-23,2,23,34,134,4556
1237,2024-01-23,2,25,30,131,3930
1238,2024-01-30,2,1,113,121,13673
1239,2024-01-31,2,2,126,98,12348
1240,2024-01-29,3,3,64,132,8448
1241,2024-01-30,5,4,212,55,11660
1242,2024-01-31,4,5,4,237,948
1243,2024-01-30,1,6,213,66,14058
1244,2024-01-31,2,7,35,291,10185
1245,2024-01-29,4,8,12,280,3360
1246,2024-01-30,1,9,27,158,4266
1247,2024-01-29,1,10,244,48,11712
1248,2024-01-30,2,11,185,81,14985
1249,2024-01-31,4,12,51,181,9231
1250,2024-01-30,2,13,60,96,5760
1251,2024-01-30,1,14,93,102,9486
1252,2024-01-30,1,15,151,56,8456
1253,2024-01-31,1,16,21,82,1722
1254,2024-01-30,1,18,106,79,8374
1255,2024-01-31,1,19,43,82,3526
1256,2024-01-29,4,20,6,208,1248
1257,2024-01-31,4,22,10,532,5320
1258,2024-01-29,3,23,43,143,6149
1259,2024-01-29,1,24,11,104,1144
1260,2024-01-31,1,25,35,123,4305
1261,2024-02-07,2,1,663,121,80223
1262,2024-02-06,2,2,263,98,25774
1263,2024-02-07,3,3,280,132,36960
1264,2024-02-06,5,4,180,55,9900
1265,2024-02-06,1,6,257,66,16962
1266,2024-02-05,2,7,18,291,5238
1267,2024-02-05,2,8,6,248,1488
1268,2024-02-06,1,9,32,158,5056
1269,2024-02-07,2,10,264,54,14256
1270,2024-02-06,1,11,226,72,16272
1271,2024-02-06,2,12,56,170,9520
1272,2024-02-05,2,13,181,96,17376
1273,2024-02-05,2,14,213,110,23430
1274,2024-02-06,1,15,131,56,7336
1275,2024-02-07,2,16,24,88,2112
1276,2024-02-06,2,18,89,84,7476
1277,2024-02-06,5,19,38,83,3154
1278,2024-02-07,5,20,11,163,1793
1279,2024-02-05,2,22,5,490,2450
1280,2024-02-07,3,23,75,143,10725
1281,2024-02-07,5,24,4,97,388
1282,2024-02-07,2,25,11,131,1441
1283,2024-02-12,3,1,973,144,140112
1284,2024-02-13,2,2,636,121,76956
1285,2024-02-14,3,3,306,144,44064
1286,2024-02-12,5,4,181,64,11584
1287,2024-02-12,2,5,7,266,1862
1288,2024-02-13,1,6,194,66,12804
1289,2024-02-12,4,7,4,335,1340
1290,2024-02-14,4,8,10,280,2800
1291,2024-02-14,2,10,427,54,23058
1292,2024-02-12,2,11,291,81,23571
1293,2024-02-14,4,12,77,205,15785
1294,2024-02-14,1,13,232,91,21112
1295,2024-02-12,1,14,223,102,22746
1296,2024-02-14,2,15,126,64,8064
1297,2024-02-13,1,16,80,82,6560
1298,2024-02-12,2,18,205,84,17220
1299,2024-02-13,1,19,37,82,3034
1300,2024-02-14,4,20,3,247,741
1301,2024-02-13,4,22,1,532,532
1302,2024-02-12,3,23,89,143,12727
1303,2024-02-12,5,24,26,97,2522
1304,2024-02-12,1,25,3,123,369
1305,2024-02-20,1,1,90,131,11790
1306,2024-02-21,3,2,52,119,6188
1307,2024-02-21,3,3,28,148,4144
1308,2024-02-19,1,4,68,69,4692
1309,2024-02-20,4,5,4,267,1068
1310,2024-02-21,2,6,234,72,16848
1311,2024-02-21,4,7,16,335,5360
1312,2024-02-19,2,9,12,172,2064
1313,2024-02-21,1,10,207,48,9936
1314,2024-02-20,1,11,182,72,13104
1315,2024-02-20,4,12,24,211,5064
1316,2024-02-19,1,13,44,91,4004
1317,2024-02-19,1,14,64,102,6528
1318,2024-02-20,1,15,135,56,7560
1319,2024-02-19,1,16,14,82,1148
1320,2024-02-19,2,18,65,84,5460
1321,2024-02-21,2,19,33,96,3168
1322,2024-02-21,4,20,7,226,1582
1323,2024-02-19,2,22,5,490,2450
1324,2024-02-19,3,23,35,143,5005
1325,2024-02-21,2,24,19,106,2014
1326,2024-02-20,2,25,27,131,3537
1327,2024-02-26,1,1,84,130,10920
1328,2024-02-26,1,2,715,107,76505
1329,2024-02-26,3,3,97,161,15617
1330,2024-02-27,2,4,1948,70,136360
1331,2024-02-27,4,5,4,262,1048
1332,2024-02-27,2,6,294,72,21168
1333,2024-02-27,2,8,7,248,1736
1334,2024-02-27,2,9,33,172,5676
1335,2024-02-28,3,10,208,55,11440
1336,2024-02-27,2,11,159,81,12879
1337,2024-02-28,4,12,114,205,23370
1338,2024-02-28,1,13,206,91,18746
1339,2024-02-28,1,14,127,102,12954
1340,2024-02-28,1,15,241,56,13496
1341,2024-02-26,1,16,67,82,5494
1342,2024-02-26,2,18,173,84,14532
1343,2024-02-26,1,19,451,82,36982
1344,2024-02-27,2,20,5,228,1140
1345,2024-02-26,2,23,20,134,2680
1346,2024-02-26,5,24,45,97,4365
1347,2024-03-04,3,1,162,137,22194
1348,2024-03-06,2,2,1913,116,221908
1349,2024-03-05,2,3,331,165,54615
1350,2024-03-04,2,4,9128,70,638960
1351,2024-03-05,2,5,5,239,1195
1352,2024-03-04,1,6,330,66,21780
1353,2024-03-06,4,7,44,335,14740
1354,2024-03-05,4,8,8,280,2240
1355,2024-03-04,1,10,614,48,29472
1356,2024-03-04,2,11,245,81,19845
1357,2024-03-05,4,12,316,225,71100
1358,2024-03-05,2,13,627,96,60192
1359,2024-03-06,1,14,430,102,43860
1360,2024-03-05,1,15,763,56,42728
1361,2024-03-06,1,16,165,82,13530
1362,2024-03-04,1,18,309,79,24411
1363,2024-03-05,2,19,2384,96,228864
1364,2024-03-04,2,20,8,227,1816
1365,2024-03-05,2,22,15,490,7350
1366,2024-03-04,3,23,64,143,9152
1367,2024-03-05,1,25,79,123,9717
1368,2024-03-13,1,1,72,107,7704
1369,2024-03-11,3,2,85,102,8670
1370,2024-03-13,3,3,34,132,4488
1371,2024-03-12,5,4,216,55,11880
1372,2024-03-11,2,6,96,72,6912
1373,2024-03-12,4,8,15,280,4200
1374,2024-03-13,1,9,16,158,2528
1375,2024-03-12,2,10,147,54,7938
1376,2024-03-13,2,11,113,81,9153
1377,2024-03-12,2,12,19,170,3230
1378,2024-03-13,2,13,55,96,5280
1379,2024-03-12,2,14,34,110,3740
1380,2024-03-12,2,15,84,64,5376
1381,2024-03-13,2,16,32,88,2816
1382,2024-03-13,2,18,123,84,10332
1383,2024-03-11,1,19,29,82,2378
1384,2024-03-12,4,20,11,208,2288
1385,2024-03-13,2,23,12,134,1608
1386,2024-03-13,1,24,26,104,2704
1387,2024-03-19,3,1,139,122,16958
1388,2024-03-20,3,2,214,102,21828
1389,2024-03-19,2,3,63,133,8379
1390,2024-03-18,1,4,244,60,14640
1391,2024-03-20,4,5,15,237,3555
1392,2024-03-19,1,6,194,66,12804
1393,2024-03-19,2,8,6,248,1488
1394,2024-03-18,2,9,13,172,2236
1395,2024-03-20,2,10,219,54,11826
1396,2024-03-20,1,11,197,72,14184
1397,2024-03-19,2,12,42,170,7140
1398,2024-03-18,1,13,86,91,7826
1399,2024-03-18,1,14,90,102,9180
1400,2024-03-18,2,15,120,64,7680
1401,2024-03-18,1,16,50,82,4100
1402,2024-03-20,1,18,197,79,15563
1403,2024-03-19,1,19,116,82,9512
1404,2024-03-19,4,20,3,208,624
1405,2024-03-19,3,23,75,143,10725
1406,2024-03-20,5,24,16,97,1552
1407,2024-03-18,1,25,44,123,5412
1408,2024-03-26,2,1,168,121,20328
1409,2024-03-27,1,2,215,88,18920
1410,2024-03-25,3,3,41,132,5412
1411,2024-03-26,1,4,115,60,6900
1412,2024-03-27,5,5,6,188,1128
1413,2024-03-26,1,6,52,66,3432
1414,2024-03-27,4,7,7,335,2345
1415,2024-03-26,2,8,14,248,3472
1416,2024-03-26,2,9,24,172,4128
1417,2024-03-25,2,10,119,54,6426
1418,2024-03-27,2,11,101,81,8181
1419,2024-03-27,4,12,62,181,11222
1420,2024-03-26,1,13,99,91,9009
1421,2024-03-27,1,14,92,102,9384
1422,2024-03-27,1,15,59,56,3304
1423,2024-03-27,2,16,35,88,3080
1424,2024-03-26,2,18,118,84,9912
1425,2024-03-25,5,19,32,83,2656
1426,2024-03-27,4,20,10,208,2080
1427,2024-03-25,4,22,2,532,1064
1428,2024-03-27,2,23,67,134,8978
1429,2024-03-25,1,24,58,104,6032
1430,2024-03-27,2,25,28,131,3668
1431,2024-04-02,1,1,78,107,8346
1432,2024-04-02,3,2,139,102,14178
1433,2024-04-02,3,3,63,132,8316
1434,2024-04-03,5,4,111,55,6105
1435,2024-04-01,4,5,6,237,1422
1436,2024-04-02,2,6,420,72,30240
1437,2024-04-02,4,7,3,335,1005
1438,2024-04-02,4,8,9,280,2520
1439,2024-04-01,2,9,20,172,3440
1440,2024-04-02,1,10,383,48,18384
1441,2024-04-03,1,11,273,72,19656
1442,2024-04-02,2,12,58,170,9860
1443,2024-04-02,1,13,75,91,6825
1444,2024-04-01,1,14,96,102,9792
1445,2024-04-01,1,15,210,56,11760
1446,2024-04-01,2,16,12,88,1056
1447,2024-04-01,1,18,65,79,5135
1448,2024-04-02,1,19,58,82,4756
1449,2024-04-01,5,20,13,163,2119
1450,2024-04-01,4,22,1,532,532
1451,2024-04-01,2,23,46,134,6164
1452,2024-04-01,4,24,25,124,3100
1453,2024-04-02,2,25,28,131,3668
1454,2024-04-09,1,1,199,107,21293
1455,2024-04-09,2,2,99,98,9702
1456,2024-04-08,3,3,14,132,1848
1457,2024-04-09,2,4,157,60,9420
1458,2024-04-10,2,5,11,213,2343
1459,2024-04-09,1,6,207,66,13662
1460,2024-04-08,4,8,14,280,3920
1461,2024-04-10,2,9,4,172,688
1462,2024-04-10,2,10,130,54,7020
1463,2024-04-08,1,11,115,72,8280
1464,2024-04-10,4,12,34,181,6154
1465,2024-04-10,1,13,45,91,4095
1466,2024-04-08,1,14,77,102,7854
1467,2024-04-08,1,15,101,56,5656
1468,2024-04-09,1,16,15,82,1230
1469,2024-04-10,1,18,57,79,4503
1470,2024-04-08,5,19,69,83,5727
1471,2024-04-09,2,20,3,185,555
1472,2024-04-08,3,23,34,143,4862
1473,2024-04-10,2,24,13,106,1378
1474,2024-04-09,1,25,22,123,2706
1475,2024-04-15,3,1,164,122,20008
1476,2024-04-15,1,2,103,88,9064
1477,2024-04-17,4,3,31,141,4371
1478,2024-04-15,5,4,57,55,3135
1479,2024-04-15,5,5,14,188,2632
1480,2024-04-15,1,6,176,66,11616
1481,2024-04-16,4,7,8,335,2680
1482,2024-04-17,2,9,20,172,3440
1483,2024-04-17,1,10,224,48,10752
1484,2024-04-15,2,11,126,81,10206
1485,2024-04-15,4,12,40,181,7240
1486,2024-04-17,1,13,59,91,5369
1487,2024-04-15,1,14,82,102,8364
1488,2024-04-15,1,15,76,56,4256
1489,2024-04-17,1,16,36,82,2952
1490,2024-04-17,1,18,75,79,5925
1491,2024-04-15,2,19,21,96,2016
1492,2024-04-16,2,20,6,185,1110
1493,2024-04-17,4,22,2,532,1064
1494,2024-04-17,3,23,33,143,4719
1495,2024-04-17,5,24,49,97,4753
1496,2024-04-17,1,25,5,123,615
1497,2024-04-23,1,1,165,107,17655
1498,2024-04-24,1,2,117,88,10296
1499,2024-04-22,2,3,38,133,5054
1500,2024-04-22,1,4,154,60,9240
1501,2024-04-23,2,5,15,213,3195
1502,2024-04-23,1,6,208,66,13728
1503,2024-04-22,2,7,7,291,2037
1504,2024-04-24,4,8,9,280,2520
1505,2024-04-22,1,9,13,158,2054
1506,2024-04-22,2,10,297,54,16038
1507,2024-04-23,1,11,201,72,14472
1508,2024-04-24,4,12,33,181,5973
1509,2024-04-24,2,13,75,96,7200
1510,2024-04-22,2,14,80,110,8800
1511,2024-04-23,2,15,136,64,8704
1512,2024-04-22,1,16,42,82,3444
1513,2024-04-22,1,18,140,79,11060
1514,2024-04-24,2,19,92,96,8832
1515,2024-04-24,2,20,11,185,2035
1516,2024-04-22,4,22,3,532,1596
1517,2024-04-24,2,23,51,134,6834
1518,2024-04-22,5,24,22,97,2134
1519,2024-04-22,1,25,28,123,3444
1520,2024-04-30,3,1,160,122,19520
1521,2024-04-30,2,2,119,98,11662
1522,2024-04-29,3,3,21,132,2772
1523,2024-05-01,2,4,101,60,6060
1524,2024-04-29,2,5,23,213,4899
1525,2024-05-01,1,6,129,66,8514
1526,2024-04-29,2,8,12,248,2976
1527,2024-04-29,1,9,31,158,4898
1528,2024-05-01,1,10,173,48,8304
1529,2024-04-29,2,11,163,81,13203
1530,2024-04-30,2,12,59,170,10030
1531,2024-04-29,1,13,80,91,7280
1532,2024-04-29,2,14,70,110,7700
1533,2024-04-30,1,15,81,56,4536
1534,2024-04-30,1,16,38,82,3116
1535,2024-04-30,2,18,145,84,12180
1536,2024-05-01,1,19,20,82,1640
1537,2024-04-30,4,20,22,208,4576
1538,2024-04-30,3,23,16,143,2288
1539,2024-04-30,1,24,30,104,3120
1540,2024-05-08,2,1,33,121,3993
1541,2024-05-07,2,2,77,98,7546
1542,2024-05-06,3,3,64,132,8448
1543,2024-05-08,5,4,21,55,1155
1544,2024-05-08,2,5,30,213,6390
1545,2024-05-06,1,6,430,66,28380
1546,2024-05-07,4,7,4,335,1340
1547,2024-05-06,1,9,17,158,2686
1548,2024-05-06,2,10,342,54,18468
1549,2024-05-07,2,11,293,81,23733
1550,2024-05-08,2,12,91,170,15470
1551,2024-05-08,2,13,68,96,6528
1552,2024-05-07,1,14,127,102,12954
1553,2024-05-07,1,15,155,56,8680
1554,2024-05-08,1,16,28,82,2296
1555,2024-05-07,2,18,100,84,8400
1556,2024-05-08,2,20,15,185,2775
1557,2024-05-06,2,22,1,490,490
1558,2024-05-06,2,23,5,134,670
1559,2024-05-08,1,24,11,104,1144
1560,2024-05-08,2,25,2,131,262
1561,2024-05-13,1,1,72,107,7704
1562,2024-05-15,3,2,114,102,11628
1563,2024-05-15,2,3,36,133,4788
1564,2024-05-15,2,4,31,60,1860
1565,2024-05-13,2,5,41,213,8733
1566,2024-05-13,2,6,247,72,17784
1567,2024-05-15,2,7,4,291,1164
1568,2024-05-15,2,8,2,248,496
1569,2024-05-15,1,9,10,158,1580
1570,2024-05-15,3,10,209,55,11495
1571,2024-05-15,1,11,141,72,10152
1572,2024-05-14,2,12,66,170,11220
1573,2024-05-15,2,13,40,96,3840
1574,2024-05-13,1,14,75,102,7650
1575,2024-05-15,1,15,90,56,5040
1576,2024-05-13,2,16,11,88,968
1577,2024-05-14,1,18,43,79,3397
1578,2024-05-14,4,20,18,208,3744
1579,2024-05-13,2,22,1,490,490
1580,2024-05-15,3,23,6,143,858
1581,2024-05-14,1,24,31,104,3224
1582,2024-05-15,1,25,2,123,246
1583,2024-05-21,3,1,114,122,13908
1584,2024-05-21,1,2,122,88,10736
1585,2024-05-21,3,3,93,132,12276
1586,2024-05-20,1,4,10,60,600
1587,2024-05-22,5,5,62,188,11656
1588,2024-05-20,2,6,142,72,10224
1589,2024-05-21,2,7,16,291,4656
1590,2024-05-22,4,8,1,280,280
1591,2024-05-20,2,9,16,172,2752
1592,2024-05-20,1,10,217,48,10416
1593,2024-05-20,1,11,140,72,10080
1594,2024-05-22,2,12,210,170,35700
1595,2024-05-21,1,13,114,91,10374
1596,2024-05-22,1,14,154,102,15708
1597,2024-05-21,2,15,105,64,6720
1598,2024-05-22,1,16,44,82,3608
1599,2024-05-20,1,17,24,118,2832
1600,2024-05-21,1,18,101,79,7979
1601,2024-05-22,4,20,46,208,9568
1602,2024-05-21,2,22,5,490,2450
1603,2024-05-22,3,23,70,143,10010
1604,2024-05-21,2,24,39,106,4134
1605,2024-05-21,2,25,41,131,5371
1606,2024-05-29,3,1,11,122,1342
1607,2024-05-29,2,2,235,98,23030
1608,2024-05-28,3,3,182,132,24024
1609,2024-05-28,2,4,43,60,2580
1610,2024-05-27,4,5,253,237,59961
1611,2024-05-29,2,6,56,72,4032
1612,2024-05-27,2,8,23,248,5704
1613,2024-05-29,1,9,14,158,2212
1614,2024-05-29,2,10,158,54,8532
1615,2024-05-29,1,11,78,72,5616
1616,2024-05-28,2,12,586,170,99620
1617,2024-05-27,1,13,184,91,16744
1618,2024-05-29,1,14,195,102,19890
1619,2024-05-28,2,15,70,64,4480
1620,2024-05-28,2,16,57,88,5016
1621,2024-05-28,1,17,95,118,11210
1622,2024-05-28,1,18,162,79,12798
1623,2024-05-28,1,19,41,82,3362
1624,2024-05-29,4,20,52,208,10816
1625,2024-05-27,2,23,3,134,402
1626,2024-05-28,2,24,6,106,636
1627,2024-06-03,2,1,25,121,3025
1628,2024-06-03,3,2,259,102,26418
1629,2024-06-04,4,3,238,141,33558
1630,2024-06-05,2,4,74,60,4440
1631,2024-06-03,2,5,198,213,42174
1632,2024-06-05,1,6,24,66,1584
1633,2024-06-04,4,8,15,280,4200
1634,2024-06-05,2,9,26,172,4472
1635,2024-06-03,3,10,168,55,9240
1636,2024-06-03,1,11,92,72,6624
1637,2024-06-04,2,12,694,170,117980
1638,2024-06-03,2,13,214,96,20544
1639,2024-06-03,2,14,213,110,23430
1640,2024-06-04,1,15,94,56,5264
1641,2024-06-04,1,16,73,82,5986
1642,2024-06-04,5,17,87,122,10614
1643,2024-06-03,2,18,270,84,22680
1644,2024-06-05,2,19,107,96,10272
1645,2024-06-04,2,20,36,185,6660
1646,2024-06-03,2,23,6,134,804
1647,2024-06-05,2,24,5,106,530
1648,2024-06-10,2,1,99,121,11979
1649,2024-06-11,2,2,182,98,17836
1650,2024-06-11,4,3,192,141,27072
1651,2024-06-12,1,4,55,60,3300
1652,2024-06-11,4,5,172,237,40764
1653,2024-06-11,1,6,55,66,3630
1654,2024-06-11,2,8,27,248,6696
1655,2024-06-12,2,9,29,172,4988
1656,2024-06-10,3,10,200,55,11000
1657,2024-06-10,1,11,105,72,7560
1658,2024-06-12,4,12,543,181,98283
1659,2024-06-12,1,13,149,91,13559
1660,2024-06-12,1,14,189,102,19278
1661,2024-06-10,1,15,86,56,4816
1662,2024-06-10,2,16,90,88,7920
1663,2024-06-10,1,17,125,118,14750
1664,2024-06-11,2,18,233,84,19572
1665,2024-06-11,2,19,81,96,7776
1666,2024-06-11,4,20,33,208,6864
1667,2024-06-10,2,23,14,134,1876
1668,2024-06-12,2,24,13,106,1378
1669,2024-06-19,3,1,88,122,10736
1670,2024-06-19,1,2,301,88,26488
1671,2024-06-17,3,3,158,132,20856
1672,2024-06-18,2,4,103,60,6180
1673,2024-06-17,5,5,150,188,28200
1674,2024-06-19,2,6,86,72,6192
1675,2024-06-18,4,8,49,280,13720
1676,2024-06-19,1,9,31,158,4898
1677,2024-06-17,3,10,155,55,8525
1678,2024-06-17,1,11,89,72,6408
1679,2024-06-17,4,12,539,181,97559
1680,2024-06-17,1,13,197,91,17927
1681,2024-06-17,1,14,191,102,19482
1682,2024-06-19,2,15,97,64,6208
1683,2024-06-18,2,16,72,88,6336
1684,2024-06-17,2,17,50,126,6300
1685,2024-06-17,1,18,322,79,25438
1686,2024-06-18,2,19,115,96,11040
1687,2024-06-18,2,20,22,185,4070
1688,2024-06-18,2,23,14,134,1876
1689,2024-06-17,2,24,12,106,1272
1690,2024-06-26,2,1,16,121,1936
1691,2024-06-24,1,2,292,88,25696
1692,2024-06-26,3,3,216,132,28512
1693,2024-06-25,1,4,90,60,5400
1694,2024-06-26,4,5,278,237,65886
1695,2024-06-26,2,6,61,72,4392
1696,2024-06-24,4,8,46,280,12880
1697,2024-06-24,2,9,42,172,7224
1698,2024-06-26,2,10,190,54,10260
1699,2024-06-24,1,11,107,72,7704
1700,2024-06-25,4,12,683,181,123623
1701,2024-06-24,1,13,168,91,15288
1702,2024-06-24,1,14,226,102,23052
1703,2024-06-25,1,15,119,56,6664
1704,2024-06-26,1,16,79,82,6478
1705,2024-06-25,5,17,99,122,12078
1706,2024-06-25,1,18,344,79,27176
1707,2024-06-26,2,19,116,96,11136
1708,2024-06-26,4,20,25,208,5200
1709,2024-06-25,2,23,14,134,1876
1710,2024-06-24,1,24,27,104,2808
1711,2024-07-02,3,1,128,122,15616
1712,2024-07-02,1,2,106,88,9328
1713,2024-07-03,4,3,108,141,15228
1714,2024-07-01,5,4,31,55,1705
1715,2024-07-01,4,5,33,237,7821
1716,2024-07-01,2,6,185,72,13320
1717,2024-07-01,4,7,3,335,1005
1718,2024-07-01,2,8,20,248,4960
1719,2024-07-03,2,9,20,172,3440
1720,2024-07-03,2,10,272,54,14688
1721,2024-07-03,1,11,237,72,17064
1722,2024-07-01,2,12,170,170,28900
1723,2024-07-02,1,13,103,91,9373
1724,2024-07-02,1,14,112,102,11424
1725,2024-07-03,2,15,107,64,6848
1726,2024-07-02,2,16,74,88,6512
1727,2024-07-02,2,17,17,126,2142
1728,2024-07-02,1,18,209,79,16511
1729,2024-07-03,2,20,12,185,2220
1730,2024-07-02,4,22,1,532,532
1731,2024-07-02,3,23,14,143,2002
1732,2024-07-03,2,24,8,106,848
1733,2024-07-01,2,25,12,131,1572
1734,2024-07-09,3,1,185,122,22570
1735,2024-07-09,3,2,148,102,15096
1736,2024-07-09,3,3,86,132,11352
1737,2024-07-08,1,4,25,60,1500
1738,2024-07-10,2,5,85,213,18105
1739,2024-07-10,1,6,171,66,11286
1740,2024-07-09,4,8,21,280,5880
1741,2024-07-10,2,9,3,172,516
1742,2024-07-10,2,10,258,54,13932
1743,2024-07-10,1,11,199,72,14328
1744,2024-07-08,4,12,161,181,29141
1745,2024-07-09,2,13,81,96,7776
1746,2024-07-09,1,14,109,102,11118
1747,2024-07-08,2,15,139,64,8896
1748,2024-07-08,1,16,39,82,3198
1749,2024-07-10,1,18,138,79,10902
1750,2024-07-10,4,20,11,208,2288
1751,2024-07-08,3,23,56,143,8008
1752,2024-07-09,5,24,12,97,1164
1753,2024-07-08,1,25,27,123,3321
1754,2024-07-16,2,1,75,121,9075
1755,2024-07-16,2,2,69,98,6762
1756,2024-07-17,4,3,103,141,14523
1757,2024-07-16,5,4,10,55,550
1758,2024-07-16,4,5,87,237,20619
1759,2024-07-16,2,6,89,72,6408
1760,2024-07-15,2,7,14,291,4074
1761,2024-07-17,2,8,11,248,2728
1762,2024-07-17,1,9,16,158,2528
1763,2024-07-17,1,10,129,48,6192
1764,2024-07-15,1,11,72,72,5184
1765,2024-07-15,4,12,224,181,40544
1766,2024-07-16,2,13,107,96,10272
1767,2024-07-15,2,14,131,110,14410
1768,2024-07-15,1,15,71,56,3976
1769,2024-07-17,1,16,18,82,1476
1770,2024-07-17,5,17,9,122,1098
1771,2024-07-17,2,18,41,84,3444
1772,2024-07-16,2,20,61,185,11285
1773,2024-07-16,2,22,5,490,2450
1774,2024-07-16,2,23,37,134,4958
1775,2024-07-17,5,24,9,97,873
1776,2024-07-15,1,25,23,123,2829
1777,2024-07-24,1,1,90,107,9630
1778,2024-07-24,1,2,149,88,13112
1779,2024-07-24,2,3,101,133,13433
1780,2024-07-22,1,4,21,60,1260
1781,2024-07-24,4,5,154,237,36498
1782,2024-07-22,1,6,213,66,14058
1783,2024-07-22,4,7,4,335,1340
1784,2024-07-22,2,8,36,248,8928
1785,2024-07-23,1,9,34,158,5372
1786,2024-07-23,3,10,109,55,5995
1787,2024-07-22,2,11,87,81,7047
1788,2024-07-24,4,12,241,181,43621
1789,2024-07-22,2,13,98,96,9408
1790,2024-07-24,1,14,111,102,11322
1791,2024-07-23,1,15,78,56,4368
1792,2024-07-23,1,16,6,82,492
1793,2024-07-23,2,18,54,84,4536
1794,2024-07-24,4,20,41,208,8528
1795,2024-07-22,4,22,1,532,532
1796,2024-07-22,3,23,21,143,3003
1797,2024-07-22,2,24,18,106,1908
1798,2024-07-24,1,25,2,123,246
1799,2024-07-29,3,1,103,122,12566
1800,2024-07-31,1,2,228,88,20064
1801,2024-07-30,2,3,65,133,8645
1802,2024-07-30,5,4,20,55,1100
1803,2024-07-30,4,5,72,237,17064
1804,2024-07-30,1,6,76,66,5016
1805,2024-07-29,4,7,2,335,670
1806,2024-07-29,4,8,21,280,5880
1807,2024-07-30,1,9,36,158,5688
1808,2024-07-30,3,10,71,55,3905
1809,2024-07-31,1,11,47,72,3384
1810,2024-07-31,4,12,154,181,27874
1811,2024-07-29,1,13,81,91,7371
1812,2024-07-29,2,14,83,110,9130
1813,2024-07-29,2,15,41,64,2624
1814,2024-07-30,1,16,12,82,984
1815,2024-07-29,1,18,66,79,5214
1816,2024-07-30,2,20,4,185,740
1817,2024-07-31,4,22,4,532,2128
1818,2024-07-30,2,23,25,134,3350
1819,2024-07-30,2,25,10,131,1310
1820,2024-08-05,2,1,175,121,21175
1821,2024-08-06,2,2,60,98,5880
1822,2024-08-05,3,3,77,132,10164
1823,2024-08-05,2,4,28,60,1680
1824,2024-08-06,5,5,42,188,7896
1825,2024-08-05,1,6,367,66,24222
1826,2024-08-05,4,7,10,335,3350
1827,2024-08-07,2,8,18,248,4464
1828,2024-08-07,1,9,22,158,3476
1829,2024-08-07,3,10,250,55,13750
1830,2024-08-05,2,11,178,81,14418
1831,2024-08-05,4,12,133,181,24073
1832,2024-08-06,2,13,57,96,5472
1833,2024-08-07,1,14,144,102,14688
1834,2024-08-05,2,15,153,64,9792
1835,2024-08-07,1,16,37,82,3034
1836,2024-08-07,2,18,129,84,10836
1837,2024-08-05,4,20,8,208,1664
1838,2024-08-06,4,22,3,532,1596
1839,2024-08-05,3,23,88,143,12584
1840,2024-08-05,2,24,1,106,106
1841,2024-08-07,1,25,56,123,6888
1842,2024-08-14,2,1,308,121,37268
1843,2024-08-14,3,2,85,102,8670
1844,2024-08-14,4,3,52,141,7332
1845,2024-08-13,5,4,24,55,1320
1846,2024-08-12,4,5,65,237,15405
1847,2024-08-12,2,6,189,72,13608
1848,2024-08-13,4,7,5,335,1675
1849,2024-08-14,2,8,19,248,4712
1850,2024-08-12,1,9,21,158,3318
1851,2024-08-13,3,10,162,55,8910
1852,2024-08-14,2,11,127,81,10287
1853,2024-08-12,2,12,121,170,20570
1854,2024-08-12,1,13,76,91,6916
1855,2024-08-13,1,14,94,102,9588
1856,2024-08-14,1,15,64,56,3584
1857,2024-08-12,1,16,41,82,3362
1858,2024-08-14,2,18,131,84,11004
1859,2024-08-14,5,20,1,163,163
1860,2024-08-14,2,21,11,96,1056
1861,2024-08-12,2,22,8,490,3920
1862,2024-08-12,2,23,19,134,2546
1863,2024-08-14,5,24,2,97,194
1864,2024-08-12,1,25,3,123,369
1865,2024-08-19,3,1,182,122,22204
1866,2024-08-20,3,2,98,102,9996
1867,2024-08-20,3,3,69,132,9108
1868,2024-08-20,5,4,22,55,1210
1869,2024-08-20,5,5,63,188,11844
1870,2024-08-21,1,6,68,66,4488
1871,2024-08-19,4,7,11,335,3685
1872,2024-08-20,2,8,35,248,8680
1873,2024-08-21,1,9,18,158,2844
1874,2024-08-21,2,10,185,54,9990
1875,2024-08-19,1,11,62,72,4464
1876,2024-08-20,4,12,167,181,30227
1877,2024-08-20,1,13,66,91,6006
1878,2024-08-19,1,14,116,102,11832
1879,2024-08-21,2,15,118,64,7552
1880,2024-08-19,1,16,89,82,7298
1881,2024-08-19,2,17,90,126,11340
1882,2024-08-19,1,18,339,79,26781
1883,2024-08-20,5,19,74,83,6142
1884,2024-08-21,5,20,13,163,2119
1885,2024-08-19,2,21,10,96,960
1886,2024-08-19,2,22,6,490,2940
1887,2024-08-19,2,23,54,134,7236
1888,2024-08-20,5,24,6,97,582
1889,2024-08-19,1,25,54,123,6642
1890,2024-08-28,1,1,33,107,3531
1891,2024-08-27,1,2,14,88,1232
1892,2024-08-28,2,3,7,133,931
1893,2024-08-28,5,4,364,55,20020
1894,2024-08-26,2,5,6,213,1278
1895,2024-08-27,1,6,23,66,1518
1896,2024-08-27,3,10,588,55,32340
1897,2024-08-27,2,11,156,81,12636
1898,2024-08-27,4,12,11,181,1991
1899,2024-08-28,2,13,49,96,4704
1900,2024-08-28,1,14,35,102,3570
1901,2024-08-27,2,15,398,64,25472
1902,2024-08-27,1,16,339,82,27798
1903,2024-08-27,2,17,551,126,69426
1904,2024-08-26,2,18,1263,84,106092
1905,2024-08-27,2,19,887,96,85152
1906,2024-08-28,2,20,9,185,1665
1907,2024-08-27,2,23,5,134,670
1908,2024-08-28,5,24,14,97,1358
1909,2024-09-02,1,1,173,107,18511
1910,2024-09-02,2,2,118,98,11564
1911,2024-09-04,4,3,51,141,7191
1912,2024-09-04,2,4,33,60,1980
1913,2024-09-03,5,5,8,188,1504
1914,2024-09-03,2,6,183,72,13176
1915,2024-09-04,4,7,3,335,1005
1916,2024-09-02,4,8,8,280,2240
1917,2024-09-04,1,9,7,158,1106
1918,2024-09-02,1,10,202,48,9696
1919,2024-09-02,1,11,127,72,9144
1920,2024-09-03,2,12,47,170,7990
1921,2024-09-02,1,13,53,91,4823
1922,2024-09-03,2,14,67,110,7370
1923,2024-09-03,1,15,90,56,5040
1924,2024-09-03,1,16,38,82,3116
1925,2024-09-03,2,18,156,84,13104
1926,2024-09-02,2,20,5,185,925
1927,2024-09-03,4,22,1,532,532
1928,2024-09-03,2,23,33,134,4422
1929,2024-09-03,5,24,14,97,1358
1930,2024-09-04,1,25,11,123,1353
1931,2024-09-11,3,1,89,122,10858
1932,2024-09-09,2,2,139,98,13622
1933,2024-09-10,2,3,69,133,9177
1934,2024-09-11,1,4,25,60,1500
1935,2024-09-11,2,5,2,213,426
1936,2024-09-11,2,6,193,72,13896
1937,2024-09-09,2,7,56,291,16296
1938,2024-09-09,4,8,10,280,2800
1939,2024-09-10,2,9,31,172,5332
1940,2024-09-09,1,10,211,48,10128
1941,2024-09-09,1,11,157,72,11304
1942,2024-09-09,4,12,61,181,11041
1943,2024-09-10,1,13,78,91,7098
1944,2024-09-10,1,14,112,102,11424
1945,2024-09-11,2,15,100,64,6400
1946,2024-09-10,1,16,47,82,3854
1947,2024-09-11,1,18,175,79,13825
1948,2024-09-10,4,20,1,208,208
1949,2024-09-11,4,22,21,532,11172
1950,2024-09-10,2,23,52,134,6968
1951,2024-09-09,1,25,72,123,8856
1952,2024-09-18,2,1,174,121,21054
1953,2024-09-18,1,2,120,88,10560
1954,2024-09-17,3,3,35,132,4620
1955,2024-09-18,2,4,29,60,1740
1956,2024-09-17,5,5,4,188,752
1957,2024-09-16,1,6,159,66,10494
1958,2024-09-17,2,7,7,291,2037
1959,2024-09-17,2,8,1,248,248
1960,2024-09-17,1,9,25,158,3950
1961,2024-09-17,1,10,132,48,6336
1962,2024-09-16,2,11,103,81,8343
1963,2024-09-16,4,12,46,181,8326
1964,2024-09-16,1,13,55,91,5005
1965,2024-09-16,2,14,69,110,7590
1966,2024-09-17,1,15,64,56,3584
1967,2024-09-18,1,16,38,82,3116
1968,2024-09-17,1,18,77,79,6083
1969,2024-09-18,5,20,13,163,2119
1970,2024-09-17,1,21,22,92,2024
1971,2024-09-17,4,22,3,532,1596
1972,2024-09-16,3,23,49,143,7007
1973,2024-09-17,4,24,15,124,1860
1974,2024-09-18,2,25,27,131,3537
1975,2024-09-25,3,1,90,122,10980
1976,2024-09-23,2,2,101,98,9898
1977,2024-09-25,3,3,53,132,6996
1978,2024-09-25,5,4,33,55,1815
1979,2024-09-24,5,5,14,188,2632
1980,2024-09-23,2,6,237,72,17064
1981,2024-09-23,2,8,14,248,3472
1982,2024-09-25,2,9,37,172,6364
1983,2024-09-24,3,10,197,55,10835
1984,2024-09-25,1,11,165,72,11880
1985,2024-09-23,4,12,78,181,14118
1986,2024-09-23,1,13,67,91,6097
1987,2024-09-24,1,14,81,102,8262
1988,2024-09-24,1,15,105,56,5880
1989,2024-09-23,2,16,27,88,2376
1990,2024-09-24,1,18,69,79,5451
1991,2024-09-23,2,20,3,185,555
1992,2024-09-25,2,21,34,96,3264
1993,2024-09-24,2,23,39,134,5226
1994,2024-09-23,5,24,11,97,1067
1995,2024-09-25,2,25,26,131,3406
1996,2024-10-01,1,1,164,107,17548
1997,2024-09-30,3,2,116,102,11832
1998,2024-10-01,3,3,34,132,4488
1999,2024-09-30,1,4,14,60,840
2000,2024-10-01,2,5,4,213,852
2001,2024-10-01,2,6,160,72,11520
2002,2024-10-01,4,7,3,335,1005
2003,2024-09-30,4,8,18,280,5040
2004,2024-10-01,2,9,20,172,3440
2005,2024-10-02,1,10,91,48,4368
2006,2024-10-01,1,11,62,72,4464
2007,2024-09-30,4,12,54,181,9774
2008,2024-09-30,1,13,66,91,6006
2009,2024-10-01,2,14,69,110,7590
2010,2024-10-01,1,15,57,56,3192
2011,2024-10-02,1,16,23,82,1886
2012,2024-09-30,2,18,99,84,8316
2013,2024-10-02,4,20,8,208,1664
2014,2024-09-30,4,22,1,532,532
2015,2024-09-30,3,23,21,143,3003
2016,2024-09-30,1,25,12,123,1476
2017,2024-10-07,3,1,183,122,22326
2018,2024-10-08,3,2,142,102,14484
2019,2024-10-07,2,3,74,133,9842
2020,2024-10-09,2,4,29,60,1740
2021,2024-10-07,2,5,8,213,1704
2022,2024-10-08,1,6,241,66,15906
2023,2024-10-07,2,7,17,291,4947
2024,2024-10-07,2,8,22,248,5456
2025,2024-10-07,2,9,27,172,4644
2026,2024-10-09,3,10,125,55,6875
2027,2024-10-09,1,11,116,72,8352
2028,2024-10-07,2,12,61,170,10370
2029,2024-10-07,1,13,76,91,6916
2030,2024-10-07,1,14,96,102,9792
2031,2024-10-09,1,15,101,56,5656
2032,2024-10-08,1,16,36,82,2952
2033,2024-10-08,2,18,228,84,19152
2034,2024-10-09,5,20,15,163,2445
2035,2024-10-08,4,22,12,532,6384
2036,2024-10-08,3,23,38,143,5434
2037,2024-10-07,1,24,7,104,728
2038,2024-10-07,2,25,17,131,2227
2039,2024-10-15,1,1,125,107,13375
2040,2024-10-16,3,2,91,102,9282
2041,2024-10-14,2,3,16,133,2128
2042,2024-10-14,1,4,32,60,1920
2043,2024-10-16,2,5,13,213,2769
2044,2024-10-15,1,6,106,66,6996
2045,2024-10-14,4,7,11,335,3685
2046,2024-10-15,4,8,15,280,4200
2047,2024-10-16,1,9,25,158,3950
2048,2024-10-16,3,10,180,55,9900
2049,2024-10-15,1,11,148,72,10656
2050,2024-10-14,2,12,42,170,7140
2051,2024-10-16,2,13,55,96,5280
2052,2024-10-15,2,14,62,110,6820
2053,2024-10-15,2,15,74,64,4736
2054,2024-10-15,1,16,55,82,4510
2055,2024-10-15,2,18,218,84,18312
2056,2024-10-16,2,20,15,185,2775
2057,2024-10-15,4,22,3,532,1596
2058,2024-10-16,3,23,14,143,2002
2059,2024-10-15,2,24,7,106,742
2060,2024-10-14,2,25,13,131,1703
2061,2024-10-23,2,1,60,121,7260
2062,2024-10-23,3,2,133,102,13566
2063,2024-10-21,4,3,11,141,1551
2064,2024-10-23,1,4,29,60,1740
2065,2024-10-22,4,5,5,237,1185
2066,2024-10-21,1,6,132,66,8712
2067,2024-10-23,2,7,17,291,4947
2068,2024-10-23,2,8,32,248,7936
2069,2024-10-23,1,9,25,158,3950
2070,2024-10-23,3,10,73,55,4015
2071,2024-10-23,2,11,83,81,6723
2072,2024-10-22,4,12,69,181,12489
2073,2024-10-22,1,13,51,91,4641
2074,2024-10-22,1,14,73,102,7446
2075,2024-10-23,2,15,52,64,3328
2076,2024-10-22,1,16,27,82,2214
2077,2024-10-23,1,18,93,79,7347
2078,2024-10-21,2,20,11,185,2035
2079,2024-10-23,2,21,10,96,960
2080,2024-10-22,4,22,5,532,2660
2081,2024-10-21,3,23,34,143,4862
2082,2024-10-23,1,24,13,104,1352
2083,2024-10-22,1,25,20,123,2460
2084,2024-10-28,3,1,110,122,13420
2085,2024-10-29,3,2,131,102,13362
2086,2024-10-29,3,3,20,132,2640
2087,2024-10-28,1,4,19,60,1140
2088,2024-10-29,2,5,8,213,1704
2089,2024-10-29,1,6,138,66,9108
2090,2024-10-29,4,7,3,335,1005
2091,2024-10-30,2,8,14,248,3472
2092,2024-10-29,2,9,12,172,2064
2093,2024-10-30,3,10,218,55,11990
2094,2024-10-29,1,11,175,72,12600
2095,2024-10-30,2,12,42,170,7140
2096,2024-10-28,2,13,56,96,5376
2097,2024-10-28,2,14,42,110,4620
2098,2024-10-30,2,15,125,64,8000
2099,2024-10-30,1,16,59,82,4838
2100,2024-10-28,1,18,259,79,20461
2101,2024-10-30,2,20,10,185,1850
2102,2024-10-29,1,21,21,92,1932
2103,2024-10-30,4,22,1,532,532
2104,2024-10-28,3,23,17,143,2431
2105,2024-10-30,4,24,3,124,372
2106,2024-10-28,1,25,20,123,2460
2107,2024-11-05,1,1,111,107,11877
2108,2024-11-05,2,2,179,98,17542
2109,2024-11-05,4,3,53,141,7473
2110,2024-11-06,2,4,29,60,1740
2111,2024-11-05,4,5,7,237,1659
2112,2024-11-05,2,6,157,72,11304
2113,2024-11-05,4,7,21,335,7035
2114,2024-11-04,4,8,32,280,8960
2115,2024-11-05,2,9,23,172,3956
2116,2024-11-06,3,10,152,55,8360
2117,2024-11-04,1,11,152,72,10944
2118,2024-11-05,4,12,66,181,11946
2119,2024-11-04,1,13,65,91,5915
2120,2024-11-05,1,14,81,102,8262
2121,2024-11-06,1,15,77,56,4312
2122,2024-11-04,1,16,64,82,5248
2123,2024-11-04,2,18,213,84,17892
2124,2024-11-05,2,20,10,185,1850
2125,2024-11-04,1,21,21,92,1932
2126,2024-11-06,4,22,15,532,7980
2127,2024-11-05,2,23,11,134,1474
2128,2024-11-04,4,24,5,124,620
2129,2024-11-05,1,25,17,123,2091
2130,2024-11-12,2,1,146,121,17666
2131,2024-11-12,3,2,262,102,26724
2132,2024-11-13,2,3,65,133,8645
2133,2024-11-13,2,4,11,60,660
2134,2024-11-11,5,5,15,188,2820
2135,2024-11-12,2,6,183,72,13176
2136,2024-11-12,4,7,3,335,1005
2137,2024-11-11,4,8,24,280,6720
2138,2024-11-12,2,9,25,172,4300
2139,2024-11-12,1,10,193,48,9264
2140,2024-11-11,2,11,152,81,12312
2141,2024-11-12,4,12,47,181,8507
2142,2024-11-11,2,13,85,96,8160
2143,2024-11-11,1,14,80,102,8160
2144,2024-11-13,2,15,113,64,7232
2145,2024-11-13,1,16,28,82,2296
2146,2024-11-11,2,18,92,84,7728
2147,2024-11-12,2,21,11,96,1056
2148,2024-11-13,4,22,3,532,1596
2149,2024-11-12,2,23,42,134,5628
2150,2024-11-12,2,24,13,106,1378
2151,2024-11-11,1,25,21,123,2583
2152,2024-11-20,2,1,191,121,23111
2153,2024-11-20,3,2,157,102,16014
2154,2024-11-18,3,3,20,132,2640
2155,2024-11-20,1,4,13,60,780
2156,2024-11-19,4,5,4,237,948
2157,2024-11-19,2,6,223,72,16056
2158,2024-11-18,4,7,16,335,5360
2159,2024-11-20,4,8,21,280,5880
2160,2024-11-18,2,9,6,172,1032
2161,2024-11-18,2,10,110,54,5940
2162,2024-11-19,1,11,97,72,6984
2163,2024-11-20,4,12,21,181,3801
2164,2024-11-18,1,13,31,91,2821
2165,2024-11-18,2,14,100,110,11000
2166,2024-11-20,1,15,94,56,5264
2167,2024-11-20,2,16,50,88,4400
2168,2024-11-20,2,18,218,84,18312
2169,2024-11-18,4,20,11,208,2288
2170,2024-11-19,2,21,11,96,1056
2171,2024-11-20,2,22,11,490,5390
2172,2024-11-18,3,23,60,143,8580
2173,2024-11-20,2,24,6,106,636
2174,2024-11-20,2,25,25,131,3275
2175,2024-11-26,2,1,210,121,25410
2176,2024-11-27,1,2,86,88,7568
2177,2024-11-25,3,3,43,132,5676
2178,2024-11-25,2,4,28,60,1680
2179,2024-11-25,5,5,15,188,2820
2180,2024-11-25,2,6,297,72,21384
2181,2024-11-27,4,7,8,335,2680
2182,2024-11-26,4,8,14,280,3920
2183,2024-11-27,1,9,11,158,1738
2184,2024-11-25,2,10,324,54,17496
2185,2024-11-25,1,11,222,72,15984
2186,2024-11-27,4,12,47,181,8507
2187,2024-11-26,1,13,55,91,5005
2188,2024-11-26,2,14,97,110,10670
2189,2024-11-26,1,15,135,56,7560
2190,2024-11-27,1,16,49,82,4018
2191,2024-11-26,1,18,159,79,12561
2192,2024-11-27,2,20,12,185,2220
2193,2024-11-25,1,21,20,92,1840
2194,2024-11-26,4,22,3,532,1596
2195,2024-11-25,2,23,16,134,2144
2196,2024-11-25,2,24,11,106,1166
2197,2024-11-25,2,25,22,131,2882
2198,2024-12-03,1,1,187,107,20009
2199,2024-12-04,2,2,219,98,21462
2200,2024-12-04,4,3,58,141,8178
2201,2024-12-02,1,4,22,60,1320
2202,2024-12-04,5,5,7,188,1316
2203,2024-12-04,2,6,285,72,20520
2204,2024-12-03,4,7,7,335,2345
2205,2024-12-03,4,8,21,280,5880
2206,2024-12-04,1,9,17,158,2686
2207,2024-12-03,2,10,226,54,12204
2208,2024-12-03,1,11,304,72,21888
2209,2024-12-02,2,12,41,170,6970
2210,2024-12-02,1,13,88,91,8008
2211,2024-12-02,1,14,122,102,12444
2212,2024-12-03,1,15,151,56,8456
2213,2024-12-03,1,16,30,82,2460
2214,2024-12-04,1,18,197,79,15563
2215,2024-12-03,4,22,11,532,5852
2216,2024-12-04,3,23,61,143,8723
2217,2024-12-03,1,24,11,104,1144
2218,2024-12-04,1,25,27,123,3321
2219,2024-12-09,2,1,182,121,22022
2220,2024-12-10,1,2,144,88,12672
2221,2024-12-09,2,3,43,133,5719
2222,2024-12-10,1,4,19,60,1140
2223,2024-12-10,5,5,2,188,376
2224,2024-12-09,1,6,151,66,9966
2225,2024-12-10,4,7,10,335,3350
2226,2024-12-10,2,8,26,248,6448
2227,2024-12-10,1,9,11,158,1738
2228,2024-12-10,1,10,243,48,11664
2229,2024-12-10,2,11,194,81,15714
2230,2024-12-10,4,12,61,181,11041
2231,2024-12-11,2,13,55,96,5280
2232,2024-12-09,1,14,85,102,8670
2233,2024-12-09,2,15,135,64,8640
2234,2024-12-09,2,16,45,88,3960
2235,2024-12-10,1,18,193,79,15247
2236,2024-12-11,5,20,15,163,2445
2237,2024-12-09,4,22,4,532,2128
2238,2024-12-09,3,23,31,143,4433
2239,2024-12-11,1,24,12,104,1248
2240,2024-12-09,1,25,24,123,2952
2241,2024-12-18,1,1,509,120,61080
2242,2024-12-18,3,2,317,102,32334
2243,2024-12-16,2,3,42,133,5586
2244,2024-12-16,1,4,28,60,1680
2245,2024-12-17,4,5,2,237,474
2246,2024-12-16,1,6,753,66,49698
2247,2024-12-17,2,7,116,310,35960
2248,2024-12-17,4,8,55,280,15400
2249,2024-12-16,2,10,747,54,40338
2250,2024-12-18,2,11,795,81,64395
2251,2024-12-16,2,12,25,170,4250
2252,2024-12-16,1,13,118,91,10738
2253,2024-12-17,2,14,346,125,43250
2254,2024-12-16,1,15,465,56,26040
2255,2024-12-17,2,16,99,88,8712
2256,2024-12-16,2,18,386,84,32424
2257,2024-12-18,5,20,1,163,163
2258,2024-12-17,1,21,75,92,6900
2259,2024-12-18,4,22,70,532,37240
2260,2024-12-17,2,23,217,149,32333
2261,2024-12-18,5,24,4,97,388
2262,2024-12-18,2,25,242,148,35816
2263,2024-12-24,3,1,461,139,64079
2264,2024-12-23,2,2,35,98,3430
2265,2024-12-24,2,3,4,133,532
2266,2024-12-25,1,4,27,60,1620
2267,2024-12-25,2,5,1,213,213
2268,2024-12-25,2,6,1294,72,93168
2269,2024-12-25,4,7,70,373,26110
2270,2024-12-24,2,8,45,248,11160
2271,2024-12-23,3,10,1357,55,74635
2272,2024-12-25,1,11,1108,72,79776
2273,2024-12-23,4,12,9,181,1629
2274,2024-12-25,2,13,35,96,3360
2275,2024-12-25,1,14,498,114,56772
2276,2024-12-25,2,15,572,64,36608
2277,2024-12-25,2,16,115,88,10120
2278,2024-12-23,1,18,203,79,16037
2279,2024-12-23,4,20,10,208,2080
2280,2024-12-25,2,21,101,96,9696
2281,2024-12-23,2,22,46,490,22540
2282,2024-12-24,3,23,286,163,46618
2283,2024-12-25,2,24,1,106,106
2284,2024-12-24,2,25,236,142,33512
2285,2024-12-31,3,1,134,135,18090
2286,2024-12-31,3,2,35,102,3570
2287,2024-12-31,4,3,2,141,282
2288,2024-12-31,2,4,26,60,1560
2289,2024-12-31,2,6,454,72,32688
2290,2024-12-31,2,7,51,315,16065
2291,2024-12-30,2,8,9,248,2232
2292,2024-12-30,3,10,461,55,25355
2293,2024-12-30,2,11,402,81,32562
2294,2024-12-30,4,12,7,181,1267
2295,2024-12-30,1,13,29,91,2639
2296,2024-12-31,1,14,161,111,17871
2297,2024-12-31,2,15,243,64,15552
2298,2024-12-31,2,16,52,88,4576
2299,2024-12-30,2,18,229,84,19236
2300,2024-12-30,4,20,1,208,208
2301,2024-12-31,4,22,21,532,11172
2302,2024-12-31,2,23,90,151,13590
2303,2024-12-30,2,24,10,106,1060
2304,2024-12-31,1,25,84,141,11844
